Workbook

Sheet Roll Up Template
N1: Production Month:
D5: Wellhead Production | I5: Recycle m3 | J5: Shipments | M5: Fluid Out m3 | N5: Fluid In m3
A6: Date | B6: Hours | C6: Hours | D6: Gross Prod | E6: Net Oil | F6: Net Oil | G6: Net Sand | H6: Net Water | O6: Foam Loss
B7: On | C7: Down | D7: m3 | E7: m3 | F7: BBLS | G7: m3 | H7: m3 | J7: Net Oil (m3) | K7: Water (m3) | L7: Sand (m3)
A8: 1 | B8: =#REF!+#REF!+#REF!+#REF!+#REF!+#REF!+#REF!+#REF!+#REF!+#REF!+#REF!+#REF!+'Well Template'!B7+#REF!+#REF!+#REF!+#REF!+#REF!+#REF!+#REF!+#REF!+#REF!+#REF!+#REF!+#REF! -> #REF! | C8: ='Summary Template'!AA184 -> #REF! | D8: =#REF!+#REF!+#REF!+#REF!+#REF!+#REF!+#REF!+#REF!+#REF!+#REF!+#REF!+#REF!+'Well Template'!H7+#REF!+#REF!+#REF!+#REF!+#REF!+#REF!+#REF!+#REF!+#REF!+#REF!+#REF!+#REF! -> #REF! | E8: ='Summary Template'!AA4 -> #REF! | F8: =+E8*6.2898 -> #REF! | G8: ='Summary Template'!AA75 -> #REF! | H8: ='Summary Template'!AA112 -> #REF! | I8: =#REF!+#REF!+#REF!+#REF!+#REF!+#REF!+#REF!+#REF!+#REF!+#REF!+#REF!+#REF!+'Well Template'!L7+#REF!+#REF!+#REF!+#REF!+#REF!+#REF!+#REF!+#REF!+#REF!+#REF!+#REF!+#REF! -> #REF! | J8: ='Summary Template'!AA39 -> #REF! | K8: ='Summary Template'!AA148 -> #REF! | L8: =#REF!+#REF!+#REF!+#REF!+#REF!+#REF!+#REF!+#REF!+#REF!+#REF!+#REF!+#REF!+'Well Template'!R7+#REF!+#REF!+#REF!+#REF!+#REF!+#REF!+#REF!+#REF!+#REF!+#REF!+#REF!+#REF! -> #REF! | M8: =#REF!+#REF!+#REF!+#REF!+#REF!+#REF!+#REF!+#REF!+#REF!+#REF!+#REF!+#REF!+'Well Template'!#REF!+#REF!+#REF!+#REF!+#REF!+#REF!+#REF!+#REF!+#REF!+#REF!+#REF!+#REF!+#REF! -> #REF! | N8: =#REF!+#REF!+#REF!+#REF!+#REF!+#REF!+#REF!+#REF!+#REF!+#REF!+#REF!+#REF!+'Well Template'!U7+#REF!+#REF!+#REF!+#REF!+#REF!+#REF!+#REF!+#REF!+#REF!+#REF!+#REF!+#REF! -> #REF! | O8: =#REF!+#REF!+#REF!+#REF!+#REF!+#REF!+#REF!+#REF!+#REF!+#REF!+#REF!+#REF!+'Well Template'!V7+#REF!+#REF!+#REF!+#REF!+#REF!+#REF!+#REF!+#REF!+#REF!+#REF!+#REF!+#REF! -> #REF!
A9: =+A8+1 -> 2 | B9: =#REF!+#REF!+#REF!+#REF!+#REF!+#REF!+#REF!+#REF!+#REF!+#REF!+#REF!+#REF!+'Well Template'!B8+#REF!+#REF!+#REF!+#REF!+#REF!+#REF!+#REF!+#REF!+#REF!+#REF!+#REF!+#REF! -> #REF! | C9: ='Summary Template'!AA185 -> #REF! | D9: =#REF!+#REF!+#REF!+#REF!+#REF!+#REF!+#REF!+#REF!+#REF!+#REF!+#REF!+#REF!+'Well Template'!H8+#REF!+#REF!+#REF!+#REF!+#REF!+#REF!+#REF!+#REF!+#REF!+#REF!+#REF!+#REF! -> #REF! | E9: ='Summary Template'!AA5 -> #REF! | F9: =+E9*6.2898 -> #REF! | G9: ='Summary Template'!AA76 -> #REF! | H9: ='Summary Template'!AA113 -> #REF! | I9: =#REF!+#REF!+#REF!+#REF!+#REF!+#REF!+#REF!+#REF!+#REF!+#REF!+#REF!+#REF!+'Well Template'!L8+#REF!+#REF!+#REF!+#REF!+#REF!+#REF!+#REF!+#REF!+#REF!+#REF!+#REF!+#REF! -> #REF! | J9: ='Summary Template'!AA40 -> #REF! | K9: ='Summary Template'!AA149 -> #REF! | L9: =#REF!+#REF!+#REF!+#REF!+#REF!+#REF!+#REF!+#REF!+#REF!+#REF!+#REF!+#REF!+'Well Template'!R8+#REF!+#REF!+#REF!+#REF!+#REF!+#REF!+#REF!+#REF!+#REF!+#REF!+#REF!+#REF! -> #REF! | M9: =#REF!+#REF!+#REF!+#REF!+#REF!+#REF!+#REF!+#REF!+#REF!+#REF!+#REF!+#REF!+'Well Template'!T7+#REF!+#REF!+#REF!+#REF!+#REF!+#REF!+#REF!+#REF!+#REF!+#REF!+#REF!+#REF! -> #REF! | N9: =#REF!+#REF!+#REF!+#REF!+#REF!+#REF!+#REF!+#REF!+#REF!+#REF!+#REF!+#REF!+'Well Template'!U8+#REF!+#REF!+#REF!+#REF!+#REF!+#REF!+#REF!+#REF!+#REF!+#REF!+#REF!+#REF! -> #REF! | O9: =#REF!+#REF!+#REF!+#REF!+#REF!+#REF!+#REF!+#REF!+#REF!+#REF!+#REF!+#REF!+'Well Template'!V8+#REF!+#REF!+#REF!+#REF!+#REF!+#REF!+#REF!+#REF!+#REF!+#REF!+#REF!+#REF! -> #REF!
A10: =+A9+1 -> 3 | B10: =#REF!+#REF!+#REF!+#REF!+#REF!+#REF!+#REF!+#REF!+#REF!+#REF!+#REF!+#REF!+'Well Template'!B9+#REF!+#REF!+#REF!+#REF!+#REF!+#REF!+#REF!+#REF!+#REF!+#REF!+#REF!+#REF! -> #REF! | C10: ='Summary Template'!AA186 -> #REF! | D10: =#REF!+#REF!+#REF!+#REF!+#REF!+#REF!+#REF!+#REF!+#REF!+#REF!+#REF!+#REF!+'Well Template'!H9+#REF!+#REF!+#REF!+#REF!+#REF!+#REF!+#REF!+#REF!+#REF!+#REF!+#REF!+#REF! -> #REF! | E10: ='Summary Template'!AA6 -> #REF! | F10: =+E10*6.2898 -> #REF! | G10: ='Summary Template'!AA77 -> #REF! | H10: ='Summary Template'!AA114 -> #REF! | I10: =#REF!+#REF!+#REF!+#REF!+#REF!+#REF!+#REF!+#REF!+#REF!+#REF!+#REF!+#REF!+'Well Template'!L9+#REF!+#REF!+#REF!+#REF!+#REF!+#REF!+#REF!+#REF!+#REF!+#REF!+#REF!+#REF! -> #REF! | J10: ='Summary Template'!AA41 -> #REF! | K10: ='Summary Template'!AA150 -> #REF! | L10: =#REF!+#REF!+#REF!+#REF!+#REF!+#REF!+#REF!+#REF!+#REF!+#REF!+#REF!+#REF!+'Well Template'!R9+#REF!+#REF!+#REF!+#REF!+#REF!+#REF!+#REF!+#REF!+#REF!+#REF!+#REF!+#REF! -> #REF! | M10: =#REF!+#REF!+#REF!+#REF!+#REF!+#REF!+#REF!+#REF!+#REF!+#REF!+#REF!+#REF!+'Well Template'!T9+#REF!+#REF!+#REF!+#REF!+#REF!+#REF!+#REF!+#REF!+#REF!+#REF!+#REF!+#REF! -> #REF! | N10: =#REF!+#REF!+#REF!+#REF!+#REF!+#REF!+#REF!+#REF!+#REF!+#REF!+#REF!+#REF!+'Well Template'!U9+#REF!+#REF!+#REF!+#REF!+#REF!+#REF!+#REF!+#REF!+#REF!+#REF!+#REF!+#REF! -> #REF! | O10: =#REF!+#REF!+#REF!+#REF!+#REF!+#REF!+#REF!+#REF!+#REF!+#REF!+#REF!+#REF!+'Well Template'!V9+#REF!+#REF!+#REF!+#REF!+#REF!+#REF!+#REF!+#REF!+#REF!+#REF!+#REF!+#REF! -> #REF!
A11: =+A10+1 -> 4 | B11: =#REF!+#REF!+#REF!+#REF!+#REF!+#REF!+#REF!+#REF!+#REF!+#REF!+#REF!+#REF!+'Well Template'!B10+#REF!+#REF!+#REF!+#REF!+#REF!+#REF!+#REF!+#REF!+#REF!+#REF!+#REF!+#REF! -> #REF! | C11: ='Summary Template'!AA187 -> #REF! | D11: =#REF!+#REF!+#REF!+#REF!+#REF!+#REF!+#REF!+#REF!+#REF!+#REF!+#REF!+#REF!+'Well Template'!H10+#REF!+#REF!+#REF!+#REF!+#REF!+#REF!+#REF!+#REF!+#REF!+#REF!+#REF!+#REF! -> #REF! | E11: ='Summary Template'!AA7 -> #REF! | F11: =+E11*6.2898 -> #REF! | G11: ='Summary Template'!AA78 -> #REF! | H11: ='Summary Template'!AA115 -> #REF! | I11: =#REF!+#REF!+#REF!+#REF!+#REF!+#REF!+#REF!+#REF!+#REF!+#REF!+#REF!+#REF!+'Well Template'!L10+#REF!+#REF!+#REF!+#REF!+#REF!+#REF!+#REF!+#REF!+#REF!+#REF!+#REF!+#REF! -> #REF! | J11: ='Summary Template'!AA42 -> #REF! | K11: ='Summary Template'!AA151 -> #REF! | L11: =#REF!+#REF!+#REF!+#REF!+#REF!+#REF!+#REF!+#REF!+#REF!+#REF!+#REF!+#REF!+'Well Template'!R10+#REF!+#REF!+#REF!+#REF!+#REF!+#REF!+#REF!+#REF!+#REF!+#REF!+#REF!+#REF! -> #REF! | M11: =#REF!+#REF!+#REF!+#REF!+#REF!+#REF!+#REF!+#REF!+#REF!+#REF!+#REF!+#REF!+'Well Template'!T10+#REF!+#REF!+#REF!+#REF!+#REF!+#REF!+#REF!+#REF!+#REF!+#REF!+#REF!+#REF! -> #REF! | N11: =#REF!+#REF!+#REF!+#REF!+#REF!+#REF!+#REF!+#REF!+#REF!+#REF!+#REF!+#REF!+'Well Template'!U10+#REF!+#REF!+#REF!+#REF!+#REF!+#REF!+#REF!+#REF!+#REF!+#REF!+#REF!+#REF! -> #REF! | O11: =#REF!+#REF!+#REF!+#REF!+#REF!+#REF!+#REF!+#REF!+#REF!+#REF!+#REF!+#REF!+'Well Template'!V10+#REF!+#REF!+#REF!+#REF!+#REF!+#REF!+#REF!+#REF!+#REF!+#REF!+#REF!+#REF! -> #REF!
A12: =+A11+1 -> 5 | B12: =#REF!+#REF!+#REF!+#REF!+#REF!+#REF!+#REF!+#REF!+#REF!+#REF!+#REF!+#REF!+'Well Template'!B11+#REF!+#REF!+#REF!+#REF!+#REF!+#REF!+#REF!+#REF!+#REF!+#REF!+#REF!+#REF! -> #REF! | C12: ='Summary Template'!AA188 -> #REF! | D12: =#REF!+#REF!+#REF!+#REF!+#REF!+#REF!+#REF!+#REF!+#REF!+#REF!+#REF!+#REF!+'Well Template'!H11+#REF!+#REF!+#REF!+#REF!+#REF!+#REF!+#REF!+#REF!+#REF!+#REF!+#REF!+#REF! -> #REF! | E12: ='Summary Template'!AA8 -> #REF! | F12: =+E12*6.2898 -> #REF! | G12: ='Summary Template'!AA79 -> #REF! | H12: ='Summary Template'!AA116 -> #REF! | I12: =#REF!+#REF!+#REF!+#REF!+#REF!+#REF!+#REF!+#REF!+#REF!+#REF!+#REF!+#REF!+'Well Template'!L11+#REF!+#REF!+#REF!+#REF!+#REF!+#REF!+#REF!+#REF!+#REF!+#REF!+#REF!+#REF! -> #REF! | J12: ='Summary Template'!AA43 -> #REF! | K12: ='Summary Template'!AA152 -> #REF! | L12: =#REF!+#REF!+#REF!+#REF!+#REF!+#REF!+#REF!+#REF!+#REF!+#REF!+#REF!+#REF!+'Well Template'!R11+#REF!+#REF!+#REF!+#REF!+#REF!+#REF!+#REF!+#REF!+#REF!+#REF!+#REF!+#REF! -> #REF! | M12: =#REF!+#REF!+#REF!+#REF!+#REF!+#REF!+#REF!+#REF!+#REF!+#REF!+#REF!+#REF!+'Well Template'!T11+#REF!+#REF!+#REF!+#REF!+#REF!+#REF!+#REF!+#REF!+#REF!+#REF!+#REF!+#REF! -> #REF! | N12: =#REF!+#REF!+#REF!+#REF!+#REF!+#REF!+#REF!+#REF!+#REF!+#REF!+#REF!+#REF!+'Well Template'!U11+#REF!+#REF!+#REF!+#REF!+#REF!+#REF!+#REF!+#REF!+#REF!+#REF!+#REF!+#REF! -> #REF! | O12: =#REF!+#REF!+#REF!+#REF!+#REF!+#REF!+#REF!+#REF!+#REF!+#REF!+#REF!+#REF!+'Well Template'!V11+#REF!+#REF!+#REF!+#REF!+#REF!+#REF!+#REF!+#REF!+#REF!+#REF!+#REF!+#REF! -> #REF!
A13: =+A12+1 -> 6 | B13: =#REF!+#REF!+#REF!+#REF!+#REF!+#REF!+#REF!+#REF!+#REF!+#REF!+#REF!+#REF!+'Well Template'!B12+#REF!+#REF!+#REF!+#REF!+#REF!+#REF!+#REF!+#REF!+#REF!+#REF!+#REF!+#REF! -> #REF! | C13: ='Summary Template'!AA189 -> #REF! | D13: =#REF!+#REF!+#REF!+#REF!+#REF!+#REF!+#REF!+#REF!+#REF!+#REF!+#REF!+#REF!+'Well Template'!H12+#REF!+#REF!+#REF!+#REF!+#REF!+#REF!+#REF!+#REF!+#REF!+#REF!+#REF!+#REF! -> #REF! | E13: ='Summary Template'!AA9 -> #REF! | F13: =+E13*6.2898 -> #REF! | G13: ='Summary Template'!AA80 -> #REF! | H13: ='Summary Template'!AA117 -> #REF! | I13: =#REF!+#REF!+#REF!+#REF!+#REF!+#REF!+#REF!+#REF!+#REF!+#REF!+#REF!+#REF!+'Well Template'!L12+#REF!+#REF!+#REF!+#REF!+#REF!+#REF!+#REF!+#REF!+#REF!+#REF!+#REF!+#REF! -> #REF! | J13: ='Summary Template'!AA44 -> #REF! | K13: ='Summary Template'!AA153 -> #REF! | L13: =#REF!+#REF!+#REF!+#REF!+#REF!+#REF!+#REF!+#REF!+#REF!+#REF!+#REF!+#REF!+'Well Template'!R12+#REF!+#REF!+#REF!+#REF!+#REF!+#REF!+#REF!+#REF!+#REF!+#REF!+#REF!+#REF! -> #REF! | M13: =#REF!+#REF!+#REF!+#REF!+#REF!+#REF!+#REF!+#REF!+#REF!+#REF!+#REF!+#REF!+'Well Template'!T12+#REF!+#REF!+#REF!+#REF!+#REF!+#REF!+#REF!+#REF!+#REF!+#REF!+#REF!+#REF! -> #REF! | N13: =#REF!+#REF!+#REF!+#REF!+#REF!+#REF!+#REF!+#REF!+#REF!+#REF!+#REF!+#REF!+'Well Template'!U12+#REF!+#REF!+#REF!+#REF!+#REF!+#REF!+#REF!+#REF!+#REF!+#REF!+#REF!+#REF! -> #REF! | O13: =#REF!+#REF!+#REF!+#REF!+#REF!+#REF!+#REF!+#REF!+#REF!+#REF!+#REF!+#REF!+'Well Template'!V12+#REF!+#REF!+#REF!+#REF!+#REF!+#REF!+#REF!+#REF!+#REF!+#REF!+#REF!+#REF! -> #REF!
A14: =+A13+1 -> 7 | B14: =#REF!+#REF!+#REF!+#REF!+#REF!+#REF!+#REF!+#REF!+#REF!+#REF!+#REF!+#REF!+'Well Template'!B13+#REF!+#REF!+#REF!+#REF!+#REF!+#REF!+#REF!+#REF!+#REF!+#REF!+#REF!+#REF! -> #REF! | C14: ='Summary Template'!AA190 -> #REF! | D14: =#REF!+#REF!+#REF!+#REF!+#REF!+#REF!+#REF!+#REF!+#REF!+#REF!+#REF!+#REF!+'Well Template'!H13+#REF!+#REF!+#REF!+#REF!+#REF!+#REF!+#REF!+#REF!+#REF!+#REF!+#REF!+#REF! -> #REF! | E14: ='Summary Template'!AA10 -> #REF! | F14: =+E14*6.2898 -> #REF! | G14: ='Summary Template'!AA81 -> #REF! | H14: ='Summary Template'!AA118 -> #REF! | I14: =#REF!+#REF!+#REF!+#REF!+#REF!+#REF!+#REF!+#REF!+#REF!+#REF!+#REF!+#REF!+'Well Template'!L13+#REF!+#REF!+#REF!+#REF!+#REF!+#REF!+#REF!+#REF!+#REF!+#REF!+#REF!+#REF! -> #REF! | J14: ='Summary Template'!AA45 -> #REF! | K14: ='Summary Template'!AA154 -> #REF! | L14: =#REF!+#REF!+#REF!+#REF!+#REF!+#REF!+#REF!+#REF!+#REF!+#REF!+#REF!+#REF!+'Well Template'!R13+#REF!+#REF!+#REF!+#REF!+#REF!+#REF!+#REF!+#REF!+#REF!+#REF!+#REF!+#REF! -> #REF! | M14: =#REF!+#REF!+#REF!+#REF!+#REF!+#REF!+#REF!+#REF!+#REF!+#REF!+#REF!+#REF!+'Well Template'!T13+#REF!+#REF!+#REF!+#REF!+#REF!+#REF!+#REF!+#REF!+#REF!+#REF!+#REF!+#REF! -> #REF! | N14: =#REF!+#REF!+#REF!+#REF!+#REF!+#REF!+#REF!+#REF!+#REF!+#REF!+#REF!+#REF!+'Well Template'!U13+#REF!+#REF!+#REF!+#REF!+#REF!+#REF!+#REF!+#REF!+#REF!+#REF!+#REF!+#REF! -> #REF! | O14: =#REF!+#REF!+#REF!+#REF!+#REF!+#REF!+#REF!+#REF!+#REF!+#REF!+#REF!+#REF!+'Well Template'!V13+#REF!+#REF!+#REF!+#REF!+#REF!+#REF!+#REF!+#REF!+#REF!+#REF!+#REF!+#REF! -> #REF!
A15: =+A14+1 -> 8 | B15: =#REF!+#REF!+#REF!+#REF!+#REF!+#REF!+#REF!+#REF!+#REF!+#REF!+#REF!+#REF!+'Well Template'!B14+#REF!+#REF!+#REF!+#REF!+#REF!+#REF!+#REF!+#REF!+#REF!+#REF!+#REF!+#REF! -> #REF! | C15: ='Summary Template'!AA191 -> #REF! | D15: =#REF!+#REF!+#REF!+#REF!+#REF!+#REF!+#REF!+#REF!+#REF!+#REF!+#REF!+#REF!+'Well Template'!H14+#REF!+#REF!+#REF!+#REF!+#REF!+#REF!+#REF!+#REF!+#REF!+#REF!+#REF!+#REF! -> #REF! | E15: ='Summary Template'!AA11 -> #REF! | F15: =+E15*6.2898 -> #REF! | G15: ='Summary Template'!AA82 -> #REF! | H15: ='Summary Template'!AA119 -> #REF! | I15: =#REF!+#REF!+#REF!+#REF!+#REF!+#REF!+#REF!+#REF!+#REF!+#REF!+#REF!+#REF!+'Well Template'!L14+#REF!+#REF!+#REF!+#REF!+#REF!+#REF!+#REF!+#REF!+#REF!+#REF!+#REF!+#REF! -> #REF! | J15: ='Summary Template'!AA46 -> #REF! | K15: ='Summary Template'!AA155 -> #REF! | L15: =#REF!+#REF!+#REF!+#REF!+#REF!+#REF!+#REF!+#REF!+#REF!+#REF!+#REF!+#REF!+'Well Template'!R14+#REF!+#REF!+#REF!+#REF!+#REF!+#REF!+#REF!+#REF!+#REF!+#REF!+#REF!+#REF! -> #REF! | M15: =#REF!+#REF!+#REF!+#REF!+#REF!+#REF!+#REF!+#REF!+#REF!+#REF!+#REF!+#REF!+'Well Template'!T13+#REF!+#REF!+#REF!+#REF!+#REF!+#REF!+#REF!+#REF!+#REF!+#REF!+#REF!+#REF! -> #REF! | N15: =#REF!+#REF!+#REF!+#REF!+#REF!+#REF!+#REF!+#REF!+#REF!+#REF!+#REF!+#REF!+'Well Template'!U14+#REF!+#REF!+#REF!+#REF!+#REF!+#REF!+#REF!+#REF!+#REF!+#REF!+#REF!+#REF! -> #REF! | O15: =#REF!+#REF!+#REF!+#REF!+#REF!+#REF!+#REF!+#REF!+#REF!+#REF!+#REF!+#REF!+'Well Template'!V14+#REF!+#REF!+#REF!+#REF!+#REF!+#REF!+#REF!+#REF!+#REF!+#REF!+#REF!+#REF! -> #REF!
A16: =+A15+1 -> 9 | B16: =#REF!+#REF!+#REF!+#REF!+#REF!+#REF!+#REF!+#REF!+#REF!+#REF!+#REF!+#REF!+'Well Template'!B15+#REF!+#REF!+#REF!+#REF!+#REF!+#REF!+#REF!+#REF!+#REF!+#REF!+#REF!+#REF! -> #REF! | C16: ='Summary Template'!AA192 -> #REF! | D16: =#REF!+#REF!+#REF!+#REF!+#REF!+#REF!+#REF!+#REF!+#REF!+#REF!+#REF!+#REF!+'Well Template'!H15+#REF!+#REF!+#REF!+#REF!+#REF!+#REF!+#REF!+#REF!+#REF!+#REF!+#REF!+#REF! -> #REF! | E16: ='Summary Template'!AA12 -> #REF! | F16: =+E16*6.2898 -> #REF! | G16: ='Summary Template'!AA83 -> #REF! | H16: ='Summary Template'!AA120 -> #REF! | I16: =#REF!+#REF!+#REF!+#REF!+#REF!+#REF!+#REF!+#REF!+#REF!+#REF!+#REF!+#REF!+'Well Template'!L15+#REF!+#REF!+#REF!+#REF!+#REF!+#REF!+#REF!+#REF!+#REF!+#REF!+#REF!+#REF! -> #REF! | J16: ='Summary Template'!AA47 -> #REF! | K16: ='Summary Template'!AA156 -> #REF! | L16: =#REF!+#REF!+#REF!+#REF!+#REF!+#REF!+#REF!+#REF!+#REF!+#REF!+#REF!+#REF!+'Well Template'!R15+#REF!+#REF!+#REF!+#REF!+#REF!+#REF!+#REF!+#REF!+#REF!+#REF!+#REF!+#REF! -> #REF! | M16: =#REF!+#REF!+#REF!+#REF!+#REF!+#REF!+#REF!+#REF!+#REF!+#REF!+#REF!+#REF!+'Well Template'!T15+#REF!+#REF!+#REF!+#REF!+#REF!+#REF!+#REF!+#REF!+#REF!+#REF!+#REF!+#REF! -> #REF! | N16: =#REF!+#REF!+#REF!+#REF!+#REF!+#REF!+#REF!+#REF!+#REF!+#REF!+#REF!+#REF!+'Well Template'!U15+#REF!+#REF!+#REF!+#REF!+#REF!+#REF!+#REF!+#REF!+#REF!+#REF!+#REF!+#REF! -> #REF! | O16: =#REF!+#REF!+#REF!+#REF!+#REF!+#REF!+#REF!+#REF!+#REF!+#REF!+#REF!+#REF!+'Well Template'!V15+#REF!+#REF!+#REF!+#REF!+#REF!+#REF!+#REF!+#REF!+#REF!+#REF!+#REF!+#REF! -> #REF!
A17: =+A16+1 -> 10 | B17: =#REF!+#REF!+#REF!+#REF!+#REF!+#REF!+#REF!+#REF!+#REF!+#REF!+#REF!+#REF!+'Well Template'!B16+#REF!+#REF!+#REF!+#REF!+#REF!+#REF!+#REF!+#REF!+#REF!+#REF!+#REF!+#REF! -> #REF! | C17: ='Summary Template'!AA193 -> #REF! | D17: =#REF!+#REF!+#REF!+#REF!+#REF!+#REF!+#REF!+#REF!+#REF!+#REF!+#REF!+#REF!+'Well Template'!H16+#REF!+#REF!+#REF!+#REF!+#REF!+#REF!+#REF!+#REF!+#REF!+#REF!+#REF!+#REF! -> #REF! | E17: ='Summary Template'!AA13 -> #REF! | F17: =+E17*6.2898 -> #REF! | G17: ='Summary Template'!AA84 -> #REF! | H17: ='Summary Template'!AA121 -> #REF! | I17: =#REF!+#REF!+#REF!+#REF!+#REF!+#REF!+#REF!+#REF!+#REF!+#REF!+#REF!+#REF!+'Well Template'!L16+#REF!+#REF!+#REF!+#REF!+#REF!+#REF!+#REF!+#REF!+#REF!+#REF!+#REF!+#REF! -> #REF! | J17: ='Summary Template'!AA48 -> #REF! | K17: ='Summary Template'!AA157 -> #REF! | L17: =#REF!+#REF!+#REF!+#REF!+#REF!+#REF!+#REF!+#REF!+#REF!+#REF!+#REF!+#REF!+'Well Template'!R16+#REF!+#REF!+#REF!+#REF!+#REF!+#REF!+#REF!+#REF!+#REF!+#REF!+#REF!+#REF! -> #REF! | M17: =#REF!+#REF!+#REF!+#REF!+#REF!+#REF!+#REF!+#REF!+#REF!+#REF!+#REF!+#REF!+'Well Template'!T16+#REF!+#REF!+#REF!+#REF!+#REF!+#REF!+#REF!+#REF!+#REF!+#REF!+#REF!+#REF! -> #REF! | N17: =#REF!+#REF!+#REF!+#REF!+#REF!+#REF!+#REF!+#REF!+#REF!+#REF!+#REF!+#REF!+'Well Template'!U16+#REF!+#REF!+#REF!+#REF!+#REF!+#REF!+#REF!+#REF!+#REF!+#REF!+#REF!+#REF! -> #REF! | O17: =#REF!+#REF!+#REF!+#REF!+#REF!+#REF!+#REF!+#REF!+#REF!+#REF!+#REF!+#REF!+'Well Template'!V16+#REF!+#REF!+#REF!+#REF!+#REF!+#REF!+#REF!+#REF!+#REF!+#REF!+#REF!+#REF! -> #REF!
A18: =+A17+1 -> 11 | B18: =#REF!+#REF!+#REF!+#REF!+#REF!+#REF!+#REF!+#REF!+#REF!+#REF!+#REF!+#REF!+'Well Template'!B17+#REF!+#REF!+#REF!+#REF!+#REF!+#REF!+#REF!+#REF!+#REF!+#REF!+#REF!+#REF! -> #REF! | C18: ='Summary Template'!AA194 -> #REF! | D18: =#REF!+#REF!+#REF!+#REF!+#REF!+#REF!+#REF!+#REF!+#REF!+#REF!+#REF!+#REF!+'Well Template'!H17+#REF!+#REF!+#REF!+#REF!+#REF!+#REF!+#REF!+#REF!+#REF!+#REF!+#REF!+#REF! -> #REF! | E18: ='Summary Template'!AA14 -> #REF! | F18: =+E18*6.2898 -> #REF! | G18: ='Summary Template'!AA85 -> #REF! | H18: ='Summary Template'!AA122 -> #REF! | I18: =#REF!+#REF!+#REF!+#REF!+#REF!+#REF!+#REF!+#REF!+#REF!+#REF!+#REF!+#REF!+'Well Template'!L17+#REF!+#REF!+#REF!+#REF!+#REF!+#REF!+#REF!+#REF!+#REF!+#REF!+#REF!+#REF! -> #REF! | J18: ='Summary Template'!AA49 -> #REF! | K18: ='Summary Template'!AA158 -> #REF! | L18: =#REF!+#REF!+#REF!+#REF!+#REF!+#REF!+#REF!+#REF!+#REF!+#REF!+#REF!+#REF!+'Well Template'!R17+#REF!+#REF!+#REF!+#REF!+#REF!+#REF!+#REF!+#REF!+#REF!+#REF!+#REF!+#REF! -> #REF! | M18: =#REF!+#REF!+#REF!+#REF!+#REF!+#REF!+#REF!+#REF!+#REF!+#REF!+#REF!+#REF!+'Well Template'!T17+#REF!+#REF!+#REF!+#REF!+#REF!+#REF!+#REF!+#REF!+#REF!+#REF!+#REF!+#REF! -> #REF! | N18: =#REF!+#REF!+#REF!+#REF!+#REF!+#REF!+#REF!+#REF!+#REF!+#REF!+#REF!+#REF!+'Well Template'!U17+#REF!+#REF!+#REF!+#REF!+#REF!+#REF!+#REF!+#REF!+#REF!+#REF!+#REF!+#REF! -> #REF! | O18: =#REF!+#REF!+#REF!+#REF!+#REF!+#REF!+#REF!+#REF!+#REF!+#REF!+#REF!+#REF!+'Well Template'!V17+#REF!+#REF!+#REF!+#REF!+#REF!+#REF!+#REF!+#REF!+#REF!+#REF!+#REF!+#REF! -> #REF!
A19: =+A18+1 -> 12 | B19: =#REF!+#REF!+#REF!+#REF!+#REF!+#REF!+#REF!+#REF!+#REF!+#REF!+#REF!+#REF!+'Well Template'!B18+#REF!+#REF!+#REF!+#REF!+#REF!+#REF!+#REF!+#REF!+#REF!+#REF!+#REF!+#REF! -> #REF! | C19: ='Summary Template'!AA195 -> #REF! | D19: =#REF!+#REF!+#REF!+#REF!+#REF!+#REF!+#REF!+#REF!+#REF!+#REF!+#REF!+#REF!+'Well Template'!H18+#REF!+#REF!+#REF!+#REF!+#REF!+#REF!+#REF!+#REF!+#REF!+#REF!+#REF!+#REF! -> #REF! | E19: ='Summary Template'!AA15 -> #REF! | F19: =+E19*6.2898 -> #REF! | G19: ='Summary Template'!AA86 -> #REF! | H19: ='Summary Template'!AA123 -> #REF! | I19: =#REF!+#REF!+#REF!+#REF!+#REF!+#REF!+#REF!+#REF!+#REF!+#REF!+#REF!+#REF!+'Well Template'!L18+#REF!+#REF!+#REF!+#REF!+#REF!+#REF!+#REF!+#REF!+#REF!+#REF!+#REF!+#REF! -> #REF! | J19: ='Summary Template'!AA50 -> #REF! | K19: ='Summary Template'!AA159 -> #REF! | L19: =#REF!+#REF!+#REF!+#REF!+#REF!+#REF!+#REF!+#REF!+#REF!+#REF!+#REF!+#REF!+'Well Template'!R18+#REF!+#REF!+#REF!+#REF!+#REF!+#REF!+#REF!+#REF!+#REF!+#REF!+#REF!+#REF! -> #REF! | M19: =#REF!+#REF!+#REF!+#REF!+#REF!+#REF!+#REF!+#REF!+#REF!+#REF!+#REF!+#REF!+'Well Template'!T18+#REF!+#REF!+#REF!+#REF!+#REF!+#REF!+#REF!+#REF!+#REF!+#REF!+#REF!+#REF! -> #REF! | N19: =#REF!+#REF!+#REF!+#REF!+#REF!+#REF!+#REF!+#REF!+#REF!+#REF!+#REF!+#REF!+'Well Template'!U18+#REF!+#REF!+#REF!+#REF!+#REF!+#REF!+#REF!+#REF!+#REF!+#REF!+#REF!+#REF! -> #REF! | O19: =#REF!+#REF!+#REF!+#REF!+#REF!+#REF!+#REF!+#REF!+#REF!+#REF!+#REF!+#REF!+'Well Template'!V18+#REF!+#REF!+#REF!+#REF!+#REF!+#REF!+#REF!+#REF!+#REF!+#REF!+#REF!+#REF! -> #REF!
A20: =+A19+1 -> 13 | B20: =#REF!+#REF!+#REF!+#REF!+#REF!+#REF!+#REF!+#REF!+#REF!+#REF!+#REF!+#REF!+'Well Template'!B19+#REF!+#REF!+#REF!+#REF!+#REF!+#REF!+#REF!+#REF!+#REF!+#REF!+#REF!+#REF! -> #REF! | C20: ='Summary Template'!AA196 -> #REF! | D20: =#REF!+#REF!+#REF!+#REF!+#REF!+#REF!+#REF!+#REF!+#REF!+#REF!+#REF!+#REF!+'Well Template'!H19+#REF!+#REF!+#REF!+#REF!+#REF!+#REF!+#REF!+#REF!+#REF!+#REF!+#REF!+#REF! -> #REF! | E20: ='Summary Template'!AA16 -> #REF! | F20: =+E20*6.2898 -> #REF! | G20: ='Summary Template'!AA87 -> #REF! | H20: ='Summary Template'!AA124 -> #REF! | I20: =#REF!+#REF!+#REF!+#REF!+#REF!+#REF!+#REF!+#REF!+#REF!+#REF!+#REF!+#REF!+'Well Template'!L19+#REF!+#REF!+#REF!+#REF!+#REF!+#REF!+#REF!+#REF!+#REF!+#REF!+#REF!+#REF! -> #REF! | J20: ='Summary Template'!AA51 -> #REF! | K20: ='Summary Template'!AA160 -> #REF! | L20: =#REF!+#REF!+#REF!+#REF!+#REF!+#REF!+#REF!+#REF!+#REF!+#REF!+#REF!+#REF!+'Well Template'!R19+#REF!+#REF!+#REF!+#REF!+#REF!+#REF!+#REF!+#REF!+#REF!+#REF!+#REF!+#REF! -> #REF! | M20: =#REF!+#REF!+#REF!+#REF!+#REF!+#REF!+#REF!+#REF!+#REF!+#REF!+#REF!+#REF!+'Well Template'!T19+#REF!+#REF!+#REF!+#REF!+#REF!+#REF!+#REF!+#REF!+#REF!+#REF!+#REF!+#REF! -> #REF! | N20: =#REF!+#REF!+#REF!+#REF!+#REF!+#REF!+#REF!+#REF!+#REF!+#REF!+#REF!+#REF!+'Well Template'!U19+#REF!+#REF!+#REF!+#REF!+#REF!+#REF!+#REF!+#REF!+#REF!+#REF!+#REF!+#REF! -> #REF! | O20: =#REF!+#REF!+#REF!+#REF!+#REF!+#REF!+#REF!+#REF!+#REF!+#REF!+#REF!+#REF!+'Well Template'!V19+#REF!+#REF!+#REF!+#REF!+#REF!+#REF!+#REF!+#REF!+#REF!+#REF!+#REF!+#REF! -> #REF!
A21: =+A20+1 -> 14 | B21: =#REF!+#REF!+#REF!+#REF!+#REF!+#REF!+#REF!+#REF!+#REF!+#REF!+#REF!+#REF!+'Well Template'!B20+#REF!+#REF!+#REF!+#REF!+#REF!+#REF!+#REF!+#REF!+#REF!+#REF!+#REF!+#REF! -> #REF! | C21: ='Summary Template'!AA197 -> #REF! | D21: =#REF!+#REF!+#REF!+#REF!+#REF!+#REF!+#REF!+#REF!+#REF!+#REF!+#REF!+#REF!+'Well Template'!H20+#REF!+#REF!+#REF!+#REF!+#REF!+#REF!+#REF!+#REF!+#REF!+#REF!+#REF!+#REF! -> #REF! | E21: ='Summary Template'!AA17 -> #REF! | F21: =+E21*6.2898 -> #REF! | G21: ='Summary Template'!AA88 -> #REF! | H21: ='Summary Template'!AA125 -> #REF! | I21: =#REF!+#REF!+#REF!+#REF!+#REF!+#REF!+#REF!+#REF!+#REF!+#REF!+#REF!+#REF!+'Well Template'!L20+#REF!+#REF!+#REF!+#REF!+#REF!+#REF!+#REF!+#REF!+#REF!+#REF!+#REF!+#REF! -> #REF! | J21: ='Summary Template'!AA52 -> #REF! | K21: ='Summary Template'!AA161 -> #REF! | L21: =#REF!+#REF!+#REF!+#REF!+#REF!+#REF!+#REF!+#REF!+#REF!+#REF!+#REF!+#REF!+'Well Template'!R20+#REF!+#REF!+#REF!+#REF!+#REF!+#REF!+#REF!+#REF!+#REF!+#REF!+#REF!+#REF! -> #REF! | M21: =#REF!+#REF!+#REF!+#REF!+#REF!+#REF!+#REF!+#REF!+#REF!+#REF!+#REF!+#REF!+'Well Template'!T20+#REF!+#REF!+#REF!+#REF!+#REF!+#REF!+#REF!+#REF!+#REF!+#REF!+#REF!+#REF! -> #REF! | N21: =#REF!+#REF!+#REF!+#REF!+#REF!+#REF!+#REF!+#REF!+#REF!+#REF!+#REF!+#REF!+'Well Template'!U20+#REF!+#REF!+#REF!+#REF!+#REF!+#REF!+#REF!+#REF!+#REF!+#REF!+#REF!+#REF! -> #REF! | O21: =#REF!+#REF!+#REF!+#REF!+#REF!+#REF!+#REF!+#REF!+#REF!+#REF!+#REF!+#REF!+'Well Template'!V20+#REF!+#REF!+#REF!+#REF!+#REF!+#REF!+#REF!+#REF!+#REF!+#REF!+#REF!+#REF! -> #REF!
A22: =+A21+1 -> 15 | B22: =#REF!+#REF!+#REF!+#REF!+#REF!+#REF!+#REF!+#REF!+#REF!+#REF!+#REF!+#REF!+'Well Template'!B21+#REF!+#REF!+#REF!+#REF!+#REF!+#REF!+#REF!+#REF!+#REF!+#REF!+#REF!+#REF! -> #REF! | C22: ='Summary Template'!AA198 -> #REF! | D22: =#REF!+#REF!+#REF!+#REF!+#REF!+#REF!+#REF!+#REF!+#REF!+#REF!+#REF!+#REF!+'Well Template'!H21+#REF!+#REF!+#REF!+#REF!+#REF!+#REF!+#REF!+#REF!+#REF!+#REF!+#REF!+#REF! -> #REF! | E22: ='Summary Template'!AA18 -> #REF! | F22: =+E22*6.2898 -> #REF! | G22: ='Summary Template'!AA89 -> #REF! | H22: ='Summary Template'!AA126 -> #REF! | I22: =#REF!+#REF!+#REF!+#REF!+#REF!+#REF!+#REF!+#REF!+#REF!+#REF!+#REF!+#REF!+'Well Template'!L21+#REF!+#REF!+#REF!+#REF!+#REF!+#REF!+#REF!+#REF!+#REF!+#REF!+#REF!+#REF! -> #REF! | J22: ='Summary Template'!AA53 -> #REF! | K22: ='Summary Template'!AA162 -> #REF! | L22: =#REF!+#REF!+#REF!+#REF!+#REF!+#REF!+#REF!+#REF!+#REF!+#REF!+#REF!+#REF!+'Well Template'!R21+#REF!+#REF!+#REF!+#REF!+#REF!+#REF!+#REF!+#REF!+#REF!+#REF!+#REF!+#REF! -> #REF! | M22: =#REF!+#REF!+#REF!+#REF!+#REF!+#REF!+#REF!+#REF!+#REF!+#REF!+#REF!+#REF!+'Well Template'!T21+#REF!+#REF!+#REF!+#REF!+#REF!+#REF!+#REF!+#REF!+#REF!+#REF!+#REF!+#REF! -> #REF! | N22: =#REF!+#REF!+#REF!+#REF!+#REF!+#REF!+#REF!+#REF!+#REF!+#REF!+#REF!+#REF!+'Well Template'!U21+#REF!+#REF!+#REF!+#REF!+#REF!+#REF!+#REF!+#REF!+#REF!+#REF!+#REF!+#REF! -> #REF! | O22: =#REF!+#REF!+#REF!+#REF!+#REF!+#REF!+#REF!+#REF!+#REF!+#REF!+#REF!+#REF!+'Well Template'!V21+#REF!+#REF!+#REF!+#REF!+#REF!+#REF!+#REF!+#REF!+#REF!+#REF!+#REF!+#REF! -> #REF!
A23: =+A22+1 -> 16 | B23: =#REF!+#REF!+#REF!+#REF!+#REF!+#REF!+#REF!+#REF!+#REF!+#REF!+#REF!+#REF!+'Well Template'!B22+#REF!+#REF!+#REF!+#REF!+#REF!+#REF!+#REF!+#REF!+#REF!+#REF!+#REF!+#REF! -> #REF! | C23: ='Summary Template'!AA199 -> #REF! | D23: =#REF!+#REF!+#REF!+#REF!+#REF!+#REF!+#REF!+#REF!+#REF!+#REF!+#REF!+#REF!+'Well Template'!H22+#REF!+#REF!+#REF!+#REF!+#REF!+#REF!+#REF!+#REF!+#REF!+#REF!+#REF!+#REF! -> #REF! | E23: ='Summary Template'!AA19 -> #REF! | F23: =+E23*6.2898 -> #REF! | G23: ='Summary Template'!AA90 -> #REF! | H23: ='Summary Template'!AA127 -> #REF! | I23: =#REF!+#REF!+#REF!+#REF!+#REF!+#REF!+#REF!+#REF!+#REF!+#REF!+#REF!+#REF!+'Well Template'!L22+#REF!+#REF!+#REF!+#REF!+#REF!+#REF!+#REF!+#REF!+#REF!+#REF!+#REF!+#REF! -> #REF! | J23: ='Summary Template'!AA54 -> #REF! | K23: ='Summary Template'!AA163 -> #REF! | L23: =#REF!+#REF!+#REF!+#REF!+#REF!+#REF!+#REF!+#REF!+#REF!+#REF!+#REF!+#REF!+'Well Template'!R22+#REF!+#REF!+#REF!+#REF!+#REF!+#REF!+#REF!+#REF!+#REF!+#REF!+#REF!+#REF! -> #REF! | M23: =#REF!+#REF!+#REF!+#REF!+#REF!+#REF!+#REF!+#REF!+#REF!+#REF!+#REF!+#REF!+'Well Template'!T22+#REF!+#REF!+#REF!+#REF!+#REF!+#REF!+#REF!+#REF!+#REF!+#REF!+#REF!+#REF! -> #REF! | N23: =#REF!+#REF!+#REF!+#REF!+#REF!+#REF!+#REF!+#REF!+#REF!+#REF!+#REF!+#REF!+'Well Template'!U22+#REF!+#REF!+#REF!+#REF!+#REF!+#REF!+#REF!+#REF!+#REF!+#REF!+#REF!+#REF! -> #REF! | O23: =#REF!+#REF!+#REF!+#REF!+#REF!+#REF!+#REF!+#REF!+#REF!+#REF!+#REF!+#REF!+'Well Template'!V22+#REF!+#REF!+#REF!+#REF!+#REF!+#REF!+#REF!+#REF!+#REF!+#REF!+#REF!+#REF! -> #REF!
A24: =+A23+1 -> 17 | B24: =#REF!+#REF!+#REF!+#REF!+#REF!+#REF!+#REF!+#REF!+#REF!+#REF!+#REF!+#REF!+'Well Template'!B23+#REF!+#REF!+#REF!+#REF!+#REF!+#REF!+#REF!+#REF!+#REF!+#REF!+#REF!+#REF! -> #REF! | C24: ='Summary Template'!AA200 -> #REF! | D24: =#REF!+#REF!+#REF!+#REF!+#REF!+#REF!+#REF!+#REF!+#REF!+#REF!+#REF!+#REF!+'Well Template'!H23+#REF!+#REF!+#REF!+#REF!+#REF!+#REF!+#REF!+#REF!+#REF!+#REF!+#REF!+#REF! -> #REF! | E24: ='Summary Template'!AA20 -> #REF! | F24: =+E24*6.2898 -> #REF! | G24: ='Summary Template'!AA91 -> #REF! | H24: ='Summary Template'!AA128 -> #REF! | I24: =#REF!+#REF!+#REF!+#REF!+#REF!+#REF!+#REF!+#REF!+#REF!+#REF!+#REF!+#REF!+'Well Template'!L23+#REF!+#REF!+#REF!+#REF!+#REF!+#REF!+#REF!+#REF!+#REF!+#REF!+#REF!+#REF! -> #REF! | J24: ='Summary Template'!AA55 -> #REF! | K24: ='Summary Template'!AA164 -> #REF! | L24: =#REF!+#REF!+#REF!+#REF!+#REF!+#REF!+#REF!+#REF!+#REF!+#REF!+#REF!+#REF!+'Well Template'!R23+#REF!+#REF!+#REF!+#REF!+#REF!+#REF!+#REF!+#REF!+#REF!+#REF!+#REF!+#REF! -> #REF! | M24: =#REF!+#REF!+#REF!+#REF!+#REF!+#REF!+#REF!+#REF!+#REF!+#REF!+#REF!+#REF!+'Well Template'!T23+#REF!+#REF!+#REF!+#REF!+#REF!+#REF!+#REF!+#REF!+#REF!+#REF!+#REF!+#REF! -> #REF! | N24: =#REF!+#REF!+#REF!+#REF!+#REF!+#REF!+#REF!+#REF!+#REF!+#REF!+#REF!+#REF!+'Well Template'!U23+#REF!+#REF!+#REF!+#REF!+#REF!+#REF!+#REF!+#REF!+#REF!+#REF!+#REF!+#REF! -> #REF! | O24: =#REF!+#REF!+#REF!+#REF!+#REF!+#REF!+#REF!+#REF!+#REF!+#REF!+#REF!+#REF!+'Well Template'!V23+#REF!+#REF!+#REF!+#REF!+#REF!+#REF!+#REF!+#REF!+#REF!+#REF!+#REF!+#REF! -> #REF!
A25: =+A24+1 -> 18 | B25: =#REF!+#REF!+#REF!+#REF!+#REF!+#REF!+#REF!+#REF!+#REF!+#REF!+#REF!+#REF!+'Well Template'!B24+#REF!+#REF!+#REF!+#REF!+#REF!+#REF!+#REF!+#REF!+#REF!+#REF!+#REF!+#REF! -> #REF! | C25: ='Summary Template'!AA201 -> #REF! | D25: =#REF!+#REF!+#REF!+#REF!+#REF!+#REF!+#REF!+#REF!+#REF!+#REF!+#REF!+#REF!+'Well Template'!H24+#REF!+#REF!+#REF!+#REF!+#REF!+#REF!+#REF!+#REF!+#REF!+#REF!+#REF!+#REF! -> #REF! | E25: ='Summary Template'!AA21 -> #REF! | F25: =+E25*6.2898 -> #REF! | G25: ='Summary Template'!AA92 -> #REF! | H25: ='Summary Template'!AA129 -> #REF! | I25: =#REF!+#REF!+#REF!+#REF!+#REF!+#REF!+#REF!+#REF!+#REF!+#REF!+#REF!+#REF!+'Well Template'!L24+#REF!+#REF!+#REF!+#REF!+#REF!+#REF!+#REF!+#REF!+#REF!+#REF!+#REF!+#REF! -> #REF! | J25: ='Summary Template'!AA56 -> #REF! | K25: ='Summary Template'!AA165 -> #REF! | L25: =#REF!+#REF!+#REF!+#REF!+#REF!+#REF!+#REF!+#REF!+#REF!+#REF!+#REF!+#REF!+'Well Template'!R24+#REF!+#REF!+#REF!+#REF!+#REF!+#REF!+#REF!+#REF!+#REF!+#REF!+#REF!+#REF! -> #REF! | M25: =#REF!+#REF!+#REF!+#REF!+#REF!+#REF!+#REF!+#REF!+#REF!+#REF!+#REF!+#REF!+'Well Template'!T24+#REF!+#REF!+#REF!+#REF!+#REF!+#REF!+#REF!+#REF!+#REF!+#REF!+#REF!+#REF! -> #REF! | N25: =#REF!+#REF!+#REF!+#REF!+#REF!+#REF!+#REF!+#REF!+#REF!+#REF!+#REF!+#REF!+'Well Template'!U24+#REF!+#REF!+#REF!+#REF!+#REF!+#REF!+#REF!+#REF!+#REF!+#REF!+#REF!+#REF! -> #REF! | O25: =#REF!+#REF!+#REF!+#REF!+#REF!+#REF!+#REF!+#REF!+#REF!+#REF!+#REF!+#REF!+'Well Template'!V24+#REF!+#REF!+#REF!+#REF!+#REF!+#REF!+#REF!+#REF!+#REF!+#REF!+#REF!+#REF! -> #REF!
A26: =+A25+1 -> 19 | B26: =#REF!+#REF!+#REF!+#REF!+#REF!+#REF!+#REF!+#REF!+#REF!+#REF!+#REF!+#REF!+'Well Template'!B25+#REF!+#REF!+#REF!+#REF!+#REF!+#REF!+#REF!+#REF!+#REF!+#REF!+#REF!+#REF! -> #REF! | C26: ='Summary Template'!AA202 -> #REF! | D26: =#REF!+#REF!+#REF!+#REF!+#REF!+#REF!+#REF!+#REF!+#REF!+#REF!+#REF!+#REF!+'Well Template'!H25+#REF!+#REF!+#REF!+#REF!+#REF!+#REF!+#REF!+#REF!+#REF!+#REF!+#REF!+#REF! -> #REF! | E26: ='Summary Template'!AA22 -> #REF! | F26: =+E26*6.2898 -> #REF! | G26: ='Summary Template'!AA93 -> #REF! | H26: ='Summary Template'!AA130 -> #REF! | I26: =#REF!+#REF!+#REF!+#REF!+#REF!+#REF!+#REF!+#REF!+#REF!+#REF!+#REF!+#REF!+'Well Template'!L25+#REF!+#REF!+#REF!+#REF!+#REF!+#REF!+#REF!+#REF!+#REF!+#REF!+#REF!+#REF! -> #REF! | J26: ='Summary Template'!AA57 -> #REF! | K26: ='Summary Template'!AA166 -> #REF! | L26: =#REF!+#REF!+#REF!+#REF!+#REF!+#REF!+#REF!+#REF!+#REF!+#REF!+#REF!+#REF!+'Well Template'!R25+#REF!+#REF!+#REF!+#REF!+#REF!+#REF!+#REF!+#REF!+#REF!+#REF!+#REF!+#REF! -> #REF! | M26: =#REF!+#REF!+#REF!+#REF!+#REF!+#REF!+#REF!+#REF!+#REF!+#REF!+#REF!+#REF!+'Well Template'!T25+#REF!+#REF!+#REF!+#REF!+#REF!+#REF!+#REF!+#REF!+#REF!+#REF!+#REF!+#REF! -> #REF! | N26: =#REF!+#REF!+#REF!+#REF!+#REF!+#REF!+#REF!+#REF!+#REF!+#REF!+#REF!+#REF!+'Well Template'!U25+#REF!+#REF!+#REF!+#REF!+#REF!+#REF!+#REF!+#REF!+#REF!+#REF!+#REF!+#REF! -> #REF! | O26: =#REF!+#REF!+#REF!+#REF!+#REF!+#REF!+#REF!+#REF!+#REF!+#REF!+#REF!+#REF!+'Well Template'!V25+#REF!+#REF!+#REF!+#REF!+#REF!+#REF!+#REF!+#REF!+#REF!+#REF!+#REF!+#REF! -> #REF!
A27: =+A26+1 -> 20 | B27: =#REF!+#REF!+#REF!+#REF!+#REF!+#REF!+#REF!+#REF!+#REF!+#REF!+#REF!+#REF!+'Well Template'!B26+#REF!+#REF!+#REF!+#REF!+#REF!+#REF!+#REF!+#REF!+#REF!+#REF!+#REF!+#REF! -> #REF! | C27: ='Summary Template'!AA203 -> #REF! | D27: =#REF!+#REF!+#REF!+#REF!+#REF!+#REF!+#REF!+#REF!+#REF!+#REF!+#REF!+#REF!+'Well Template'!H26+#REF!+#REF!+#REF!+#REF!+#REF!+#REF!+#REF!+#REF!+#REF!+#REF!+#REF!+#REF! -> #REF! | E27: ='Summary Template'!AA23 -> #REF! | F27: =+E27*6.2898 -> #REF! | G27: ='Summary Template'!AA94 -> #REF! | H27: ='Summary Template'!AA131 -> #REF! | I27: =#REF!+#REF!+#REF!+#REF!+#REF!+#REF!+#REF!+#REF!+#REF!+#REF!+#REF!+#REF!+'Well Template'!L26+#REF!+#REF!+#REF!+#REF!+#REF!+#REF!+#REF!+#REF!+#REF!+#REF!+#REF!+#REF! -> #REF! | J27: ='Summary Template'!AA58 -> #REF! | K27: ='Summary Template'!AA167 -> #REF! | L27: =#REF!+#REF!+#REF!+#REF!+#REF!+#REF!+#REF!+#REF!+#REF!+#REF!+#REF!+#REF!+'Well Template'!R26+#REF!+#REF!+#REF!+#REF!+#REF!+#REF!+#REF!+#REF!+#REF!+#REF!+#REF!+#REF! -> #REF! | M27: =#REF!+#REF!+#REF!+#REF!+#REF!+#REF!+#REF!+#REF!+#REF!+#REF!+#REF!+#REF!+'Well Template'!T26+#REF!+#REF!+#REF!+#REF!+#REF!+#REF!+#REF!+#REF!+#REF!+#REF!+#REF!+#REF! -> #REF! | N27: =#REF!+#REF!+#REF!+#REF!+#REF!+#REF!+#REF!+#REF!+#REF!+#REF!+#REF!+#REF!+'Well Template'!U26+#REF!+#REF!+#REF!+#REF!+#REF!+#REF!+#REF!+#REF!+#REF!+#REF!+#REF!+#REF! -> #REF! | O27: =#REF!+#REF!+#REF!+#REF!+#REF!+#REF!+#REF!+#REF!+#REF!+#REF!+#REF!+#REF!+'Well Template'!V26+#REF!+#REF!+#REF!+#REF!+#REF!+#REF!+#REF!+#REF!+#REF!+#REF!+#REF!+#REF! -> #REF!
... A38: =+A37+1 -> 31 | B38: =#REF!+#REF!+#REF!+#REF!+#REF!+#REF!+#REF!+#REF!+#REF!+#REF!+#REF!+#REF!+'Well Template'!B37+#REF!+#REF!+#REF!+#REF!+#REF!+#REF!+#REF!+#REF!+#REF!+#REF!+#REF!+#REF! -> #REF! | C38: ='Summary Template'!AA214 -> #REF! | D38: =#REF!+#REF!+#REF!+#REF!+#REF!+#REF!+#REF!+#REF!+#REF!+#REF!+#REF!+#REF!+'Well Template'!H37+#REF!+#REF!+#REF!+#REF!+#REF!+#REF!+#REF!+#REF!+#REF!+#REF!+#REF!+#REF! -> #REF! | E38: ='Summary Template'!AA34 -> #REF! | F38: =+E38*6.2898 -> #REF! | G38: ='Summary Template'!AA105 -> #REF! | H38: ='Summary Template'!AA142 -> #REF! | I38: =#REF!+#REF!+#REF!+#REF!+#REF!+#REF!+#REF!+#REF!+#REF!+#REF!+#REF!+#REF!+'Well Template'!L37+#REF!+#REF!+#REF!+#REF!+#REF!+#REF!+#REF!+#REF!+#REF!+#REF!+#REF!+#REF! -> #REF! | J38: ='Summary Template'!AA69 -> #REF! | K38: ='Summary Template'!AA178 -> #REF! | L38: =#REF!+#REF!+#REF!+#REF!+#REF!+#REF!+#REF!+#REF!+#REF!+#REF!+#REF!+#REF!+'Well Template'!R37+#REF!+#REF!+#REF!+#REF!+#REF!+#REF!+#REF!+#REF!+#REF!+#REF!+#REF!+#REF! -> #REF! | M38: =#REF!+#REF!+#REF!+#REF!+#REF!+#REF!+#REF!+#REF!+#REF!+#REF!+#REF!+#REF!+'Well Template'!T37+#REF!+#REF!+#REF!+#REF!+#REF!+#REF!+#REF!+#REF!+#REF!+#REF!+#REF!+#REF! -> #REF! | N38: =#REF!+#REF!+#REF!+#REF!+#REF!+#REF!+#REF!+#REF!+#REF!+#REF!+#REF!+#REF!+'Well Template'!U37+#REF!+#REF!+#REF!+#REF!+#REF!+#REF!+#REF!+#REF!+#REF!+#REF!+#REF!+#REF! -> #REF! | O38: =#REF!+#REF!+#REF!+#REF!+#REF!+#REF!+#REF!+#REF!+#REF!+#REF!+#REF!+#REF!+'Well Template'!V37+#REF!+#REF!+#REF!+#REF!+#REF!+#REF!+#REF!+#REF!+#REF!+#REF!+#REF!+#REF! -> #REF!
A39: TOTAL | B39: =SUM(B8:B38) -> #REF! | C39: =SUM(C8:C38) -> #REF! | D39: =SUM(D8:D38) -> #REF! | E39: =SUM(E8:E38) -> #REF! | F39: =SUM(F8:F38) -> #REF! | G39: =SUM(G8:G38) -> #REF! | H39: =SUM(H8:H38) -> #REF! | I39: =SUM(I8:I38) -> #REF! | ... O39: =SUM(O8:O38) -> #REF!
C41: bbls | D41: =+D39*6.2898 -> #REF!

Sheet Well Template
H1: Total # of Joints: | Q1: # Jts after No-turn: | AD1: Location:
AD2: BATTERY
H3: Pump Make and Size: | Q3: Zone/Depth: | AD3: Month/Year:
A5: Date | B5: Hours | C5: Hours | D5: Reason for | E5: Total | F5: Sand | G5: Tank Gauge | H5: Prod | I5: Net Oil | J5: Net Sand | K5: Net Water | L5: Recycle | M5: Shipments | S5: Ticket # | T5: Fluid Out | U5: Fluid In | V5: Foam Loss | W5: Pressure | Y5: Propane | Z5: Tank Temp | AA5: Fluid Level | AB5: Pump | AD5: psi | AE5: Comments | AF5: Operators Initials | AH5: Tank 1 | AN5: Tank 2
B6: On | C6: Down | D6: Downtime | E6: BS&W | F6: % | H6: m3 | I6: m3 | J6: m3 | K6: m3 | L6: m3 | M6: Gross Vol | N6: BS&W | O6: Net Oil (m3) | P6: Water (m3) | Q6: Water Loads | R6: Sand (m3) | T6: m3 | U6: m3 | V6: m3 | W6: Tbg (kPa) | X6: Csg (kPa) | Y6: (%full) | Z6: #1 | AA6: (JTF) | AB6: (RPM) | AC6: Efficiency | AD6: Hyd | AG6: Tank Gauges Total | AH6: Tank LVL | AI6: 3' | AJ6: 5' | AK6: 7' | AL6: 9' | AM6: 12' | AN6: Tank LVL | AO6: 3' | AP6: 5' | AQ6: 7' | AR6: 9' | AS6: 12'
A7: 1
A8: 2
A9: 3
A10: 4
A11: 5
A12: 6
A13: 7
A14: 8
A15: 9
A16: 10
A17: 11
A18: 12
... A37: 31
A38: Cum
B40: Initial Tank Gauge= | F40: bbls
D41: Oil = | F41: bbls/cd
D42: Water = | F42: bbls/ad
D43: Sand =
D44: Total =

Sheet Second Well Template
A1: Date | B1: Fluid Type | C1: Volume (m3) | D1: Ticket | E1: Location: From | F1: Location: To | G1: Comments | M1: Day | N1: Third Party In | O1: Ticket Number | P1: Company | Q1: Total for that day | R1: meter | T1: Fluid in Disposal Tanks | X1: Trans pump numbers
T2: Inlet Tk | U2: Settling Tk | V2: Suction Tk | X2: c15-4 | Y2: C5-4 | Z2: c10-4 | AA2: C12-4 | AB2: hauled | AC2: total
A3: 1 | M3: 1 | Q3: =SUM(R3-R2) -> 0 | AC3: =SUM(X3:AB3) -> 0
A4: 2 | M4: 2 | Q4: =SUM(R4-R3) -> 0 | AC4: =SUM(X4:AB4) -> 0
A5: 3 | M5: 3 | Q5: =SUM(R5-R4) -> 0 | AC5: =SUM(X5:AB5) -> 0
A6: 4 | M6: 4 | Q6: =SUM(R6-R5) -> 0 | AC6: =SUM(X6:AB6) -> 0
A7: 5 | M7: 5 | Q7: =SUM(R7-R6) -> 0 | AC7: =SUM(X7:AB7) -> 0
A8: 6 | M8: 6 | Q8: =SUM(R8-R7) -> 0 | AC8: =SUM(X8:AB8) -> 0
A9: 7 | M9: 7 | Q9: =SUM(R9-R8) -> 0 | AC9: =SUM(X9:AB9) -> 0
A10: 8 | M10: 8 | Q10: =SUM(R10-R9) -> 0 | AC10: =SUM(X10:AB10) -> 0
A11: 9 | M11: 9 | Q11: =SUM(R11-R10) -> 0 | AC11: =SUM(X11:AB11) -> 0
A12: 10 | M12: 10 | Q12: =SUM(R12-R11) -> 0 | AC12: =SUM(X12:AB12) -> 0
A13: 11 | M13: 11 | Q13: =SUM(R13-R12) -> 0 | AC13: =SUM(X13:AB13) -> 0
A14: 12 | M14: 12 | Q14: =SUM(R14-R13) -> 0 | AC14: =SUM(X14:AB14) -> 0
... A26: 24 | M26: 24 | Q26: =SUM(R26-R25) -> 0 | AC26: =SUM(X26:AB26) -> 0
A27: 25 | M27: 25 | Q27: =SUM(R28-R26) -> 0 | AC27: =SUM(X27:AB27) -> 0
A28: 26 | M28: 26 | Q28: =SUM(R29-R28) -> 0 | AC28: =SUM(X28:AB28) -> 0
A29: 27 | M29: 27 | Q29: =SUM(R30-R29) -> 0 | AC29: =SUM(X29:AB29) -> 0
A30: 28 | M30: 28 | Q30: =SUM(R31-R30) -> 0 | AC30: =SUM(X30:AB30) -> 0
A31: 29 | M31: 29 | Q31: =SUM(R32-R31) -> 0 | AC31: =SUM(X31:AB31) -> 0
A32: 30 | M32: 30 | Q32: =SUM(R33-R32) -> 0 | AC32: =SUM(X32:AB32) -> 0
A33: 31 | M33: 31 | Q33: =SUM(R34-R33) -> 0 | AC33: =SUM(X33:AB33) -> 0
Q34: =(R34-R33) -> #REF! | R34: =(R34-R33) -> #REF! | X34: =SUM(X3:X33) -> 0 | Y34: =SUM(Y3:Y33) -> 0 | Z34: =SUM(Z3:Z33) -> 0 | AA34: =SUM(AA3:AA33) -> 0 | AB34: =SUM(AB3:AB33) -> 0 | AC34: =SUM(AC3:AC33) -> 0
N35: =SUM(N3:N33) -> 0
A36: Total | B36: H20 | C36: =SUM(C3:C35) -> 0

Sheet Summary Template
B2: NET OIL
A3: Date | B3: =#REF! -> #REF! | C3: =#REF! -> #REF! | D3: =#REF! -> #REF! | E3: =#REF! -> #REF! | F3: =#REF! -> #REF! | G3: =#REF! -> #REF! | H3: =#REF! -> #REF! | I3: =#REF! -> #REF! | ... M3: =#REF! -> #REF! | N3: ='Well Template'!AE1 -> 0 | O3: =#REF! -> #REF! | P3: =#REF! -> #REF! | Q3: =#REF! -> #REF! | R3: =#REF! -> #REF! | S3: =#REF! -> #REF! | T3: =#REF! -> #REF! | U3: =#REF! -> #REF! | V3: =#REF! -> #REF! | ... Z3: =#REF! -> #REF! | AA3: TOTAL
A4: 1 | B4: =#REF! -> #REF! | C4: =+#REF! -> #REF! | D4: =+#REF! -> #REF! | E4: =+#REF! -> #REF! | F4: =+#REF! -> #REF! | G4: =+#REF! -> #REF! | H4: =+#REF! -> #REF! | I4: =+#REF! -> #REF! | J4: =+#REF! -> #REF! | ... M4: =+#REF! -> #REF! | N4: =+'Well Template'!$I7 | O4: =+#REF! -> #REF! | P4: =+#REF! -> #REF! | Q4: =+#REF! -> #REF! | R4: =+#REF! -> #REF! | S4: =+#REF! -> #REF! | T4: =+#REF! -> #REF! | U4: =+#REF! -> #REF! | V4: =+#REF! -> #REF! | ... Z4: =+#REF! -> #REF! | AA4: =SUM(B4:Z4) -> #REF!
A5: =+A4+1 -> 2 | B5: =#REF! -> #REF! | C5: =+#REF! -> #REF! | D5: =+#REF! -> #REF! | E5: =+#REF! -> #REF! | F5: =+#REF! -> #REF! | G5: =+#REF! -> #REF! | H5: =+#REF! -> #REF! | I5: =+#REF! -> #REF! | J5: =+#REF! -> #REF! | ... M5: =+#REF! -> #REF! | N5: =+'Well Template'!$I8 | O5: =+#REF! -> #REF! | P5: =+#REF! -> #REF! | Q5: =+#REF! -> #REF! | R5: =+#REF! -> #REF! | S5: =+#REF! -> #REF! | T5: =+#REF! -> #REF! | U5: =+#REF! -> #REF! | V5: =+#REF! -> #REF! | ... Z5: =+#REF! -> #REF! | AA5: =SUM(B5:Z5) -> #REF!
A6: =+A5+1 -> 3 | B6: =#REF! -> #REF! | C6: =+#REF! -> #REF! | D6: =+#REF! -> #REF! | E6: =+#REF! -> #REF! | F6: =+#REF! -> #REF! | G6: =+#REF! -> #REF! | H6: =+#REF! -> #REF! | I6: =+#REF! -> #REF! | J6: =+#REF! -> #REF! | ... M6: =+#REF! -> #REF! | N6: =+'Well Template'!$I9 | O6: =+#REF! -> #REF! | P6: =+#REF! -> #REF! | Q6: =+#REF! -> #REF! | R6: =+#REF! -> #REF! | S6: =+#REF! -> #REF! | T6: =+#REF! -> #REF! | U6: =+#REF! -> #REF! | V6: =+#REF! -> #REF! | ... Z6: =+#REF! -> #REF! | AA6: =SUM(B6:Z6) -> #REF!
A7: =+A6+1 -> 4 | B7: =#REF! -> #REF! | C7: =+#REF! -> #REF! | D7: =+#REF! -> #REF! | E7: =+#REF! -> #REF! | F7: =+#REF! -> #REF! | G7: =+#REF! -> #REF! | H7: =+#REF! -> #REF! | I7: =+#REF! -> #REF! | J7: =+#REF! -> #REF! | ... M7: =+#REF! -> #REF! | N7: =+'Well Template'!$I10 | O7: =+#REF! -> #REF! | P7: =+#REF! -> #REF! | Q7: =+#REF! -> #REF! | R7: =+#REF! -> #REF! | S7: =+#REF! -> #REF! | T7: =+#REF! -> #REF! | U7: =+#REF! -> #REF! | V7: =+#REF! -> #REF! | ... Z7: =+#REF! -> #REF! | AA7: =SUM(B7:Z7) -> #REF!
A8: =+A7+1 -> 5 | B8: =#REF! -> #REF! | C8: =+#REF! -> #REF! | D8: =+#REF! -> #REF! | E8: =+#REF! -> #REF! | F8: =+#REF! -> #REF! | G8: =+#REF! -> #REF! | H8: =+#REF! -> #REF! | I8: =+#REF! -> #REF! | J8: =+#REF! -> #REF! | ... M8: =+#REF! -> #REF! | N8: =+'Well Template'!$I11 | O8: =+#REF! -> #REF! | P8: =+#REF! -> #REF! | Q8: =+#REF! -> #REF! | R8: =+#REF! -> #REF! | S8: =+#REF! -> #REF! | T8: =+#REF! -> #REF! | U8: =+#REF! -> #REF! | V8: =+#REF! -> #REF! | ... Z8: =+#REF! -> #REF! | AA8: =SUM(B8:Z8) -> #REF!
A9: =+A8+1 -> 6 | B9: =#REF! -> #REF! | C9: =+#REF! -> #REF! | D9: =+#REF! -> #REF! | E9: =+#REF! -> #REF! | F9: =+#REF! -> #REF! | G9: =+#REF! -> #REF! | H9: =+#REF! -> #REF! | I9: =+#REF! -> #REF! | J9: =+#REF! -> #REF! | ... M9: =+#REF! -> #REF! | N9: =+'Well Template'!$I12 | O9: =+#REF! -> #REF! | P9: =+#REF! -> #REF! | Q9: =+#REF! -> #REF! | R9: =+#REF! -> #REF! | S9: =+#REF! -> #REF! | T9: =+#REF! -> #REF! | U9: =+#REF! -> #REF! | V9: =+#REF! -> #REF! | ... Z9: =+#REF! -> #REF! | AA9: =SUM(B9:Z9) -> #REF!
A10: =+A9+1 -> 7 | B10: =#REF! -> #REF! | C10: =+#REF! -> #REF! | D10: =+#REF! -> #REF! | E10: =+#REF! -> #REF! | F10: =+#REF! -> #REF! | G10: =+#REF! -> #REF! | H10: =+#REF! -> #REF! | I10: =+#REF! -> #REF! | J10: =+#REF! -> #REF! | ... M10: =+#REF! -> #REF! | N10: =+'Well Template'!$I13 | O10: =+#REF! -> #REF! | P10: =+#REF! -> #REF! | Q10: =+#REF! -> #REF! | R10: =+#REF! -> #REF! | S10: =+#REF! -> #REF! | T10: =+#REF! -> #REF! | U10: =+#REF! -> #REF! | V10: =+#REF! -> #REF! | ... Z10: =+#REF! -> #REF! | AA10: =SUM(B10:Z10) -> #REF!
A11: 8 | B11: =#REF! -> #REF! | C11: =+#REF! -> #REF! | D11: =+#REF! -> #REF! | E11: =+#REF! -> #REF! | F11: =+#REF! -> #REF! | G11: =+#REF! -> #REF! | H11: =+#REF! -> #REF! | I11: =+#REF! -> #REF! | J11: =+#REF! -> #REF! | ... M11: =+#REF! -> #REF! | N11: =+'Well Template'!$I14 | O11: =+#REF! -> #REF! | P11: =+#REF! -> #REF! | Q11: =+#REF! -> #REF! | R11: =+#REF! -> #REF! | S11: =+#REF! -> #REF! | T11: =+#REF! -> #REF! | U11: =+#REF! -> #REF! | V11: =+#REF! -> #REF! | ... Z11: =+#REF! -> #REF! | AA11: =SUM(B11:Z11) -> #REF!
A12: =+A11+1 -> 9 | B12: =#REF! -> #REF! | C12: =+#REF! -> #REF! | D12: =+#REF! -> #REF! | E12: =+#REF! -> #REF! | F12: =+#REF! -> #REF! | G12: =+#REF! -> #REF! | H12: =+#REF! -> #REF! | I12: =+#REF! -> #REF! | J12: =+#REF! -> #REF! | ... M12: =+#REF! -> #REF! | N12: =+'Well Template'!$I15 | O12: =+#REF! -> #REF! | P12: =+#REF! -> #REF! | Q12: =+#REF! -> #REF! | R12: =+#REF! -> #REF! | S12: =+#REF! -> #REF! | T12: =+#REF! -> #REF! | U12: =+#REF! -> #REF! | V12: =+#REF! -> #REF! | ... Z12: =+#REF! -> #REF! | AA12: =SUM(B12:Z12) -> #REF!
A13: =+A12+1 -> 10 | B13: =#REF! -> #REF! | C13: =+#REF! -> #REF! | D13: =+#REF! -> #REF! | E13: =+#REF! -> #REF! | F13: =+#REF! -> #REF! | G13: =+#REF! -> #REF! | H13: =+#REF! -> #REF! | I13: =+#REF! -> #REF! | J13: =+#REF! -> #REF! | ... M13: =+#REF! -> #REF! | N13: =+'Well Template'!$I16 | O13: =+#REF! -> #REF! | P13: =+#REF! -> #REF! | Q13: =+#REF! -> #REF! | R13: =+#REF! -> #REF! | S13: =+#REF! -> #REF! | T13: =+#REF! -> #REF! | U13: =+#REF! -> #REF! | V13: =+#REF! -> #REF! | ... Z13: =+#REF! -> #REF! | AA13: =SUM(B13:Z13) -> #REF!
A14: =+A13+1 -> 11 | B14: =#REF! -> #REF! | C14: =+#REF! -> #REF! | D14: =+#REF! -> #REF! | E14: =+#REF! -> #REF! | F14: =+#REF! -> #REF! | G14: =+#REF! -> #REF! | H14: =+#REF! -> #REF! | I14: =+#REF! -> #REF! | J14: =+#REF! -> #REF! | ... M14: =+#REF! -> #REF! | N14: =+'Well Template'!$I17 | O14: =+#REF! -> #REF! | P14: =+#REF! -> #REF! | Q14: =+#REF! -> #REF! | R14: =+#REF! -> #REF! | S14: =+#REF! -> #REF! | T14: =+#REF! -> #REF! | U14: =+#REF! -> #REF! | V14: =+#REF! -> #REF! | ... Z14: =+#REF! -> #REF! | AA14: =SUM(B14:Z14) -> #REF!
A15: =+A14+1 -> 12 | B15: =#REF! -> #REF! | C15: =+#REF! -> #REF! | D15: =+#REF! -> #REF! | E15: =+#REF! -> #REF! | F15: =+#REF! -> #REF! | G15: =+#REF! -> #REF! | H15: =+#REF! -> #REF! | I15: =+#REF! -> #REF! | J15: =+#REF! -> #REF! | ... M15: =+#REF! -> #REF! | N15: =+'Well Template'!$I18 | O15: =+#REF! -> #REF! | P15: =+#REF! -> #REF! | Q15: =+#REF! -> #REF! | R15: =+#REF! -> #REF! | S15: =+#REF! -> #REF! | T15: =+#REF! -> #REF! | U15: =+#REF! -> #REF! | V15: =+#REF! -> #REF! | ... Z15: =+#REF! -> #REF! | AA15: =SUM(B15:Z15) -> #REF!
A16: =+A15+1 -> 13 | B16: =#REF! -> #REF! | C16: =+#REF! -> #REF! | D16: =+#REF! -> #REF! | E16: =+#REF! -> #REF! | F16: =+#REF! -> #REF! | G16: =+#REF! -> #REF! | H16: =+#REF! -> #REF! | I16: =+#REF! -> #REF! | J16: =+#REF! -> #REF! | ... M16: =+#REF! -> #REF! | N16: =+'Well Template'!$I19 | O16: =+#REF! -> #REF! | P16: =+#REF! -> #REF! | Q16: =+#REF! -> #REF! | R16: =+#REF! -> #REF! | S16: =+#REF! -> #REF! | T16: =+#REF! -> #REF! | U16: =+#REF! -> #REF! | V16: =+#REF! -> #REF! | ... Z16: =+#REF! -> #REF! | AA16: =SUM(B16:Z16) -> #REF!
A17: =+A16+1 -> 14 | B17: =#REF! -> #REF! | C17: =+#REF! -> #REF! | D17: =+#REF! -> #REF! | E17: =+#REF! -> #REF! | F17: =+#REF! -> #REF! | G17: =+#REF! -> #REF! | H17: =+#REF! -> #REF! | I17: =+#REF! -> #REF! | J17: =+#REF! -> #REF! | ... M17: =+#REF! -> #REF! | N17: =+'Well Template'!$I20 | O17: =+#REF! -> #REF! | P17: =+#REF! -> #REF! | Q17: =+#REF! -> #REF! | R17: =+#REF! -> #REF! | S17: =+#REF! -> #REF! | T17: =+#REF! -> #REF! | U17: =+#REF! -> #REF! | V17: =+#REF! -> #REF! | ... Z17: =+#REF! -> #REF! | AA17: =SUM(B17:Z17) -> #REF!
A18: =+A17+1 -> 15 | B18: =#REF! -> #REF! | C18: =+#REF! -> #REF! | D18: =+#REF! -> #REF! | E18: =+#REF! -> #REF! | F18: =+#REF! -> #REF! | G18: =+#REF! -> #REF! | H18: =+#REF! -> #REF! | I18: =+#REF! -> #REF! | J18: =+#REF! -> #REF! | ... M18: =+#REF! -> #REF! | N18: =+'Well Template'!$I21 | O18: =+#REF! -> #REF! | P18: =+#REF! -> #REF! | Q18: =+#REF! -> #REF! | R18: =+#REF! -> #REF! | S18: =+#REF! -> #REF! | T18: =+#REF! -> #REF! | U18: =+#REF! -> #REF! | V18: =+#REF! -> #REF! | ... Z18: =+#REF! -> #REF! | AA18: =SUM(B18:Z18) -> #REF!
A19: =+A18+1 -> 16 | B19: =#REF! -> #REF! | C19: =+#REF! -> #REF! | D19: =+#REF! -> #REF! | E19: =+#REF! -> #REF! | F19: =+#REF! -> #REF! | G19: =+#REF! -> #REF! | H19: =+#REF! -> #REF! | I19: =+#REF! -> #REF! | J19: =+#REF! -> #REF! | ... M19: =+#REF! -> #REF! | N19: =+'Well Template'!$I22 | O19: =+#REF! -> #REF! | P19: =+#REF! -> #REF! | Q19: =+#REF! -> #REF! | R19: =+#REF! -> #REF! | S19: =+#REF! -> #REF! | T19: =+#REF! -> #REF! | U19: =+#REF! -> #REF! | V19: =+#REF! -> #REF! | ... Z19: =+#REF! -> #REF! | AA19: =SUM(B19:Z19) -> #REF!
A20: =+A19+1 -> 17 | B20: =#REF! -> #REF! | C20: =+#REF! -> #REF! | D20: =+#REF! -> #REF! | E20: =+#REF! -> #REF! | F20: =+#REF! -> #REF! | G20: =+#REF! -> #REF! | H20: =+#REF! -> #REF! | I20: =+#REF! -> #REF! | J20: =+#REF! -> #REF! | ... M20: =+#REF! -> #REF! | N20: =+'Well Template'!$I23 | O20: =+#REF! -> #REF! | P20: =+#REF! -> #REF! | Q20: =+#REF! -> #REF! | R20: =+#REF! -> #REF! | S20: =+#REF! -> #REF! | T20: =+#REF! -> #REF! | U20: =+#REF! -> #REF! | V20: =+#REF! -> #REF! | ... Z20: =+#REF! -> #REF! | AA20: =SUM(B20:Z20) -> #REF!
A21: =+A20+1 -> 18 | B21: =#REF! -> #REF! | C21: =+#REF! -> #REF! | D21: =+#REF! -> #REF! | E21: =+#REF! -> #REF! | F21: =+#REF! -> #REF! | G21: =+#REF! -> #REF! | H21: =+#REF! -> #REF! | I21: =+#REF! -> #REF! | J21: =+#REF! -> #REF! | ... M21: =+#REF! -> #REF! | N21: =+'Well Template'!$I24 | O21: =+#REF! -> #REF! | P21: =+#REF! -> #REF! | Q21: =+#REF! -> #REF! | R21: =+#REF! -> #REF! | S21: =+#REF! -> #REF! | T21: =+#REF! -> #REF! | U21: =+#REF! -> #REF! | V21: =+#REF! -> #REF! | ... Z21: =+#REF! -> #REF! | AA21: =SUM(B21:Z21) -> #REF!
A22: =+A21+1 -> 19 | B22: =#REF! -> #REF! | C22: =+#REF! -> #REF! | D22: =+#REF! -> #REF! | E22: =+#REF! -> #REF! | F22: =+#REF! -> #REF! | G22: =+#REF! -> #REF! | H22: =+#REF! -> #REF! | I22: =+#REF! -> #REF! | J22: =+#REF! -> #REF! | ... M22: =+#REF! -> #REF! | N22: =+'Well Template'!$I25 | O22: =+#REF! -> #REF! | P22: =+#REF! -> #REF! | Q22: =+#REF! -> #REF! | R22: =+#REF! -> #REF! | S22: =+#REF! -> #REF! | T22: =+#REF! -> #REF! | U22: =+#REF! -> #REF! | V22: =+#REF! -> #REF! | ... Z22: =+#REF! -> #REF! | AA22: =SUM(B22:Z22) -> #REF!
A23: =+A22+1 -> 20 | B23: =#REF! -> #REF! | C23: =+#REF! -> #REF! | D23: =+#REF! -> #REF! | E23: =+#REF! -> #REF! | F23: =+#REF! -> #REF! | G23: =+#REF! -> #REF! | H23: =+#REF! -> #REF! | I23: =+#REF! -> #REF! | J23: =+#REF! -> #REF! | ... M23: =+#REF! -> #REF! | N23: =+'Well Template'!$I26 | O23: =+#REF! -> #REF! | P23: =+#REF! -> #REF! | Q23: =+#REF! -> #REF! | R23: =+#REF! -> #REF! | S23: =+#REF! -> #REF! | T23: =+#REF! -> #REF! | U23: =+#REF! -> #REF! | V23: =+#REF! -> #REF! | ... Z23: =+#REF! -> #REF! | AA23: =SUM(B23:Z23) -> #REF!
... A34: =+A33+1 -> 31 | B34: =#REF! -> #REF! | C34: =+#REF! -> #REF! | D34: =+#REF! -> #REF! | E34: =+#REF! -> #REF! | F34: =+#REF! -> #REF! | G34: =+#REF! -> #REF! | H34: =+#REF! -> #REF! | I34: =+#REF! -> #REF! | J34: =+#REF! -> #REF! | ... M34: =+#REF! -> #REF! | N34: =+'Well Template'!$I37 | O34: =+#REF! -> #REF! | P34: =+#REF! -> #REF! | Q34: =+#REF! -> #REF! | R34: =+#REF! -> #REF! | S34: =+#REF! -> #REF! | T34: =+#REF! -> #REF! | U34: =+#REF! -> #REF! | V34: =+#REF! -> #REF! | ... Z34: =+#REF! -> #REF! | AA34: =SUM(B34:Z34) -> #REF!
A35: Cum | B35: =#REF! -> #REF! | C35: =+#REF! -> #REF! | D35: =+#REF! -> #REF! | E35: =+#REF! -> #REF! | F35: =IF(#REF!="",0,#REF!*0.75) -> #REF! | G35: =+#REF! -> #REF! | H35: =+#REF! -> #REF! | I35: =+#REF! -> #REF! | J35: =+#REF! -> #REF! | K35: =+#REF! -> #REF! | L35: =+#REF! -> #REF! | M35: =+#REF! -> #REF! | N35: =+'Well Template'!$I38 -> 0 | O35: =+#REF! -> #REF! | P35: =+#REF! -> #REF! | Q35: =+#REF! -> #REF! | R35: =+#REF! -> #REF! | S35: =+#REF! -> #REF! | T35: =+#REF! -> #REF! | U35: =+#REF! -> #REF! | V35: =+#REF! -> #REF! | ... Z35: =+#REF! -> #REF! | AA35: =SUM(B35:Z35) -> #REF!
B37: NET OIL SHIPPED
A38: Date | B38: =B3 -> #REF! | C38: =C3 -> #REF! | D38: =D3 -> #REF! | E38: =E3 -> #REF! | F38: =F3 -> #REF! | G38: =G3 -> #REF! | H38: =H3 -> #REF! | I38: =I3 -> #REF! | ... Z38: =Z3 -> #REF! | AA38: TOTAL
A39: 1 | B39: =#REF! -> #REF! | C39: =+#REF! -> #REF! | D39: =+#REF! -> #REF! | E39: =+#REF! -> #REF! | F39: =+#REF! -> #REF! | G39: =+#REF! -> #REF! | H39: =+#REF! -> #REF! | I39: =+#REF! -> #REF! | J39: =+#REF! -> #REF! | ... M39: =+#REF! -> #REF! | N39: =+'Well Template'!$O7 | O39: =+#REF! -> #REF! | P39: =+#REF! -> #REF! | Q39: =+#REF! -> #REF! | R39: =+#REF! -> #REF! | S39: =+#REF! -> #REF! | T39: =+#REF! -> #REF! | U39: =+#REF! -> #REF! | V39: =+#REF! -> #REF! | ... Z39: =+#REF! -> #REF! | AA39: =SUM(B39:Z39) -> #REF!
A40: =+A39+1 -> 2 | B40: =#REF! -> #REF! | C40: =+#REF! -> #REF! | D40: =+#REF! -> #REF! | E40: =+#REF! -> #REF! | F40: =+#REF! -> #REF! | G40: =+#REF! -> #REF! | H40: =+#REF! -> #REF! | I40: =+#REF! -> #REF! | J40: =+#REF! -> #REF! | ... M40: =+#REF! -> #REF! | N40: =+'Well Template'!$O8 | O40: =+#REF! -> #REF! | P40: =+#REF! -> #REF! | Q40: =+#REF! -> #REF! | R40: =+#REF! -> #REF! | S40: =+#REF! -> #REF! | T40: =+#REF! -> #REF! | U40: =+#REF! -> #REF! | V40: =+#REF! -> #REF! | ... Z40: =+#REF! -> #REF! | AA40: =SUM(B40:Z40) -> #REF!
A41: =+A40+1 -> 3 | B41: =#REF! -> #REF! | C41: =+#REF! -> #REF! | D41: =+#REF! -> #REF! | E41: =+#REF! -> #REF! | F41: =+#REF! -> #REF! | G41: =+#REF! -> #REF! | H41: =+#REF! -> #REF! | I41: =+#REF! -> #REF! | J41: =+#REF! -> #REF! | ... M41: =+#REF! -> #REF! | N41: =+'Well Template'!$O9 | O41: =+#REF! -> #REF! | P41: =+#REF! -> #REF! | Q41: =+#REF! -> #REF! | R41: =+#REF! -> #REF! | S41: =+#REF! -> #REF! | T41: =+#REF! -> #REF! | U41: =+#REF! -> #REF! | V41: =+#REF! -> #REF! | ... Z41: =+#REF! -> #REF! | AA41: =SUM(B41:Z41) -> #REF!
A42: =+A41+1 -> 4 | B42: =#REF! -> #REF! | C42: =+#REF! -> #REF! | D42: =+#REF! -> #REF! | E42: =+#REF! -> #REF! | F42: =+#REF! -> #REF! | G42: =+#REF! -> #REF! | H42: =+#REF! -> #REF! | I42: =+#REF! -> #REF! | J42: =+#REF! -> #REF! | ... M42: =+#REF! -> #REF! | N42: =+'Well Template'!$O10 | O42: =+#REF! -> #REF! | P42: =+#REF! -> #REF! | Q42: =+#REF! -> #REF! | R42: =+#REF! -> #REF! | S42: =+#REF! -> #REF! | T42: =+#REF! -> #REF! | U42: =+#REF! -> #REF! | V42: =+#REF! -> #REF! | ... Z42: =+#REF! -> #REF! | AA42: =SUM(B42:Z42) -> #REF!
A43: =+A42+1 -> 5 | B43: =#REF! -> #REF! | C43: =+#REF! -> #REF! | D43: =+#REF! -> #REF! | E43: =+#REF! -> #REF! | F43: =+#REF! -> #REF! | G43: =+#REF! -> #REF! | H43: =+#REF! -> #REF! | I43: =+#REF! -> #REF! | J43: =+#REF! -> #REF! | ... M43: =+#REF! -> #REF! | N43: =+'Well Template'!$O11 | O43: =+#REF! -> #REF! | P43: =+#REF! -> #REF! | Q43: =+#REF! -> #REF! | R43: =+#REF! -> #REF! | S43: =+#REF! -> #REF! | T43: =+#REF! -> #REF! | U43: =+#REF! -> #REF! | V43: =+#REF! -> #REF! | ... Z43: =+#REF! -> #REF! | AA43: =SUM(B43:Z43) -> #REF!
A44: =+A43+1 -> 6 | B44: =#REF! -> #REF! | C44: =+#REF! -> #REF! | D44: =+#REF! -> #REF! | E44: =+#REF! -> #REF! | F44: =+#REF! -> #REF! | G44: =+#REF! -> #REF! | H44: =+#REF! -> #REF! | I44: =+#REF! -> #REF! | J44: =+#REF! -> #REF! | ... M44: =+#REF! -> #REF! | N44: =+'Well Template'!$O12 | O44: =+#REF! -> #REF! | P44: =+#REF! -> #REF! | Q44: =+#REF! -> #REF! | R44: =+#REF! -> #REF! | S44: =+#REF! -> #REF! | T44: =+#REF! -> #REF! | U44: =+#REF! -> #REF! | V44: =+#REF! -> #REF! | ... Z44: =+#REF! -> #REF! | AA44: =SUM(B44:Z44) -> #REF!
A45: =+A44+1 -> 7 | B45: =#REF! -> #REF! | C45: =+#REF! -> #REF! | D45: =+#REF! -> #REF! | E45: =+#REF! -> #REF! | F45: =+#REF! -> #REF! | G45: =+#REF! -> #REF! | H45: =+#REF! -> #REF! | I45: =+#REF! -> #REF! | J45: =+#REF! -> #REF! | ... M45: =+#REF! -> #REF! | N45: =+'Well Template'!$O13 | O45: =+#REF! -> #REF! | P45: =+#REF! -> #REF! | Q45: =+#REF! -> #REF! | R45: =+#REF! -> #REF! | S45: =+#REF! -> #REF! | T45: =+#REF! -> #REF! | U45: =+#REF! -> #REF! | V45: =+#REF! -> #REF! | ... Z45: =+#REF! -> #REF! | AA45: =SUM(B45:Z45) -> #REF!
A46: 8 | B46: =#REF! -> #REF! | C46: =+#REF! -> #REF! | D46: =+#REF! -> #REF! | E46: =+#REF! -> #REF! | F46: =+#REF! -> #REF! | G46: =+#REF! -> #REF! | H46: =+#REF! -> #REF! | I46: =+#REF! -> #REF! | J46: =+#REF! -> #REF! | ... M46: =+#REF! -> #REF! | N46: =+'Well Template'!$O14 | O46: =+#REF! -> #REF! | P46: =+#REF! -> #REF! | Q46: =+#REF! -> #REF! | R46: =+#REF! -> #REF! | S46: =+#REF! -> #REF! | T46: =+#REF! -> #REF! | U46: =+#REF! -> #REF! | V46: =+#REF! -> #REF! | ... Z46: =+#REF! -> #REF! | AA46: =SUM(B46:Z46) -> #REF!
A47: =+A46+1 -> 9 | B47: =#REF! -> #REF! | C47: =+#REF! -> #REF! | D47: =+#REF! -> #REF! | E47: =+#REF! -> #REF! | F47: =+#REF! -> #REF! | G47: =+#REF! -> #REF! | H47: =+#REF! -> #REF! | I47: =+#REF! -> #REF! | J47: =+#REF! -> #REF! | ... M47: =+#REF! -> #REF! | N47: =+'Well Template'!$O15 | O47: =+#REF! -> #REF! | P47: =+#REF! -> #REF! | Q47: =+#REF! -> #REF! | R47: =+#REF! -> #REF! | S47: =+#REF! -> #REF! | T47: =+#REF! -> #REF! | U47: =+#REF! -> #REF! | V47: =+#REF! -> #REF! | ... Z47: =+#REF! -> #REF! | AA47: =SUM(B47:Z47) -> #REF!
A48: =+A47+1 -> 10 | B48: =#REF! -> #REF! | C48: =+#REF! -> #REF! | D48: =+#REF! -> #REF! | E48: =+#REF! -> #REF! | F48: =+#REF! -> #REF! | G48: =+#REF! -> #REF! | H48: =+#REF! -> #REF! | I48: =+#REF! -> #REF! | J48: =+#REF! -> #REF! | ... M48: =+#REF! -> #REF! | N48: =+'Well Template'!$O16 | O48: =+#REF! -> #REF! | P48: =+#REF! -> #REF! | Q48: =+#REF! -> #REF! | R48: =+#REF! -> #REF! | S48: =+#REF! -> #REF! | T48: =+#REF! -> #REF! | U48: =+#REF! -> #REF! | V48: =+#REF! -> #REF! | ... Z48: =+#REF! -> #REF! | AA48: =SUM(B48:Z48) -> #REF!
A49: =+A48+1 -> 11 | B49: =#REF! -> #REF! | C49: =+#REF! -> #REF! | D49: =+#REF! -> #REF! | E49: =+#REF! -> #REF! | F49: =+#REF! -> #REF! | G49: =+#REF! -> #REF! | H49: =+#REF! -> #REF! | I49: =+#REF! -> #REF! | J49: =+#REF! -> #REF! | ... M49: =+#REF! -> #REF! | N49: =+'Well Template'!$O17 | O49: =+#REF! -> #REF! | P49: =+#REF! -> #REF! | Q49: =+#REF! -> #REF! | R49: =+#REF! -> #REF! | S49: =+#REF! -> #REF! | T49: =+#REF! -> #REF! | U49: =+#REF! -> #REF! | V49: =+#REF! -> #REF! | ... Z49: =+#REF! -> #REF! | AA49: =SUM(B49:Z49) -> #REF!
A50: =+A49+1 -> 12 | B50: =#REF! -> #REF! | C50: =+#REF! -> #REF! | D50: =+#REF! -> #REF! | E50: =+#REF! -> #REF! | F50: =+#REF! -> #REF! | G50: =+#REF! -> #REF! | H50: =+#REF! -> #REF! | I50: =+#REF! -> #REF! | J50: =+#REF! -> #REF! | ... M50: =+#REF! -> #REF! | N50: =+'Well Template'!$O18 | O50: =+#REF! -> #REF! | P50: =+#REF! -> #REF! | Q50: =+#REF! -> #REF! | R50: =+#REF! -> #REF! | S50: =+#REF! -> #REF! | T50: =+#REF! -> #REF! | U50: =+#REF! -> #REF! | V50: =+#REF! -> #REF! | ... Z50: =+#REF! -> #REF! | AA50: =SUM(B50:Z50) -> #REF!
A51: =+A50+1 -> 13 | B51: =#REF! -> #REF! | C51: =+#REF! -> #REF! | D51: =+#REF! -> #REF! | E51: =+#REF! -> #REF! | F51: =+#REF! -> #REF! | G51: =+#REF! -> #REF! | H51: =+#REF! -> #REF! | I51: =+#REF! -> #REF! | J51: =+#REF! -> #REF! | ... M51: =+#REF! -> #REF! | N51: =+'Well Template'!$O19 | O51: =+#REF! -> #REF! | P51: =+#REF! -> #REF! | Q51: =+#REF! -> #REF! | R51: =+#REF! -> #REF! | S51: =+#REF! -> #REF! | T51: =+#REF! -> #REF! | U51: =+#REF! -> #REF! | V51: =+#REF! -> #REF! | ... Z51: =+#REF! -> #REF! | AA51: =SUM(B51:Z51) -> #REF!
A52: =+A51+1 -> 14 | B52: =#REF! -> #REF! | C52: =+#REF! -> #REF! | D52: =+#REF! -> #REF! | E52: =+#REF! -> #REF! | F52: =+#REF! -> #REF! | G52: =+#REF! -> #REF! | H52: =+#REF! -> #REF! | I52: =+#REF! -> #REF! | J52: =+#REF! -> #REF! | ... M52: =+#REF! -> #REF! | N52: =+'Well Template'!$O20 | O52: =+#REF! -> #REF! | P52: =+#REF! -> #REF! | Q52: =+#REF! -> #REF! | R52: =+#REF! -> #REF! | S52: =+#REF! -> #REF! | T52: =+#REF! -> #REF! | U52: =+#REF! -> #REF! | V52: =+#REF! -> #REF! | ... Z52: =+#REF! -> #REF! | AA52: =SUM(B52:Z52) -> #REF!
A53: =+A52+1 -> 15 | B53: =#REF! -> #REF! | C53: =+#REF! -> #REF! | D53: =+#REF! -> #REF! | E53: =+#REF! -> #REF! | F53: =+#REF! -> #REF! | G53: =+#REF! -> #REF! | H53: =+#REF! -> #REF! | I53: =+#REF! -> #REF! | J53: =+#REF! -> #REF! | ... M53: =+#REF! -> #REF! | N53: =+'Well Template'!$O21 | O53: =+#REF! -> #REF! | P53: =+#REF! -> #REF! | Q53: =+#REF! -> #REF! | R53: =+#REF! -> #REF! | S53: =+#REF! -> #REF! | T53: =+#REF! -> #REF! | U53: =+#REF! -> #REF! | V53: =+#REF! -> #REF! | ... Z53: =+#REF! -> #REF! | AA53: =SUM(B53:Z53) -> #REF!
A54: =+A53+1 -> 16 | B54: =#REF! -> #REF! | C54: =+#REF! -> #REF! | D54: =+#REF! -> #REF! | E54: =+#REF! -> #REF! | F54: =+#REF! -> #REF! | G54: =+#REF! -> #REF! | H54: =+#REF! -> #REF! | I54: =+#REF! -> #REF! | J54: =+#REF! -> #REF! | ... M54: =+#REF! -> #REF! | N54: =+'Well Template'!$O22 | O54: =+#REF! -> #REF! | P54: =+#REF! -> #REF! | Q54: =+#REF! -> #REF! | R54: =+#REF! -> #REF! | S54: =+#REF! -> #REF! | T54: =+#REF! -> #REF! | U54: =+#REF! -> #REF! | V54: =+#REF! -> #REF! | ... Z54: =+#REF! -> #REF! | AA54: =SUM(B54:Z54) -> #REF!
A55: =+A54+1 -> 17 | B55: =#REF! -> #REF! | C55: =+#REF! -> #REF! | D55: =+#REF! -> #REF! | E55: =+#REF! -> #REF! | F55: =+#REF! -> #REF! | G55: =+#REF! -> #REF! | H55: =+#REF! -> #REF! | I55: =+#REF! -> #REF! | J55: =+#REF! -> #REF! | ... M55: =+#REF! -> #REF! | N55: =+'Well Template'!$O23 | O55: =+#REF! -> #REF! | P55: =+#REF! -> #REF! | Q55: =+#REF! -> #REF! | R55: =+#REF! -> #REF! | S55: =+#REF! -> #REF! | T55: =+#REF! -> #REF! | U55: =+#REF! -> #REF! | V55: =+#REF! -> #REF! | ... Z55: =+#REF! -> #REF! | AA55: =SUM(B55:Z55) -> #REF!
A56: =+A55+1 -> 18 | B56: =#REF! -> #REF! | C56: =+#REF! -> #REF! | D56: =+#REF! -> #REF! | E56: =+#REF! -> #REF! | F56: =+#REF! -> #REF! | G56: =+#REF! -> #REF! | H56: =+#REF! -> #REF! | I56: =+#REF! -> #REF! | J56: =+#REF! -> #REF! | ... M56: =+#REF! -> #REF! | N56: =+'Well Template'!$O24 | O56: =+#REF! -> #REF! | P56: =+#REF! -> #REF! | Q56: =+#REF! -> #REF! | R56: =+#REF! -> #REF! | S56: =+#REF! -> #REF! | T56: =+#REF! -> #REF! | U56: =+#REF! -> #REF! | V56: =+#REF! -> #REF! | ... Z56: =+#REF! -> #REF! | AA56: =SUM(B56:Z56) -> #REF!
A57: =+A56+1 -> 19 | B57: =#REF! -> #REF! | C57: =+#REF! -> #REF! | D57: =+#REF! -> #REF! | E57: =+#REF! -> #REF! | F57: =+#REF! -> #REF! | G57: =+#REF! -> #REF! | H57: =+#REF! -> #REF! | I57: =+#REF! -> #REF! | J57: =+#REF! -> #REF! | ... M57: =+#REF! -> #REF! | N57: =+'Well Template'!$O25 | O57: =+#REF! -> #REF! | P57: =+#REF! -> #REF! | Q57: =+#REF! -> #REF! | R57: =+#REF! -> #REF! | S57: =+#REF! -> #REF! | T57: =+#REF! -> #REF! | U57: =+#REF! -> #REF! | V57: =+#REF! -> #REF! | ... Z57: =+#REF! -> #REF! | AA57: =SUM(B57:Z57) -> #REF!
A58: =+A57+1 -> 20 | B58: =#REF! -> #REF! | C58: =+#REF! -> #REF! | D58: =+#REF! -> #REF! | E58: =+#REF! -> #REF! | F58: =+#REF! -> #REF! | G58: =+#REF! -> #REF! | H58: =+#REF! -> #REF! | I58: =+#REF! -> #REF! | J58: =+#REF! -> #REF! | ... M58: =+#REF! -> #REF! | N58: =+'Well Template'!$O26 | O58: =+#REF! -> #REF! | P58: =+#REF! -> #REF! | Q58: =+#REF! -> #REF! | R58: =+#REF! -> #REF! | S58: =+#REF! -> #REF! | T58: =+#REF! -> #REF! | U58: =+#REF! -> #REF! | V58: =+#REF! -> #REF! | ... Z58: =+#REF! -> #REF! | AA58: =SUM(B58:Z58) -> #REF!
... A69: =+A68+1 -> 31 | B69: =#REF! -> #REF! | C69: =+#REF! -> #REF! | D69: =+#REF! -> #REF! | E69: =+#REF! -> #REF! | F69: =+#REF! -> #REF! | G69: =+#REF! -> #REF! | H69: =+#REF! -> #REF! | I69: =+#REF! -> #REF! | J69: =+#REF! -> #REF! | ... M69: =+#REF! -> #REF! | N69: =+'Well Template'!$O37 | O69: =+#REF! -> #REF! | P69: =+#REF! -> #REF! | Q69: =+#REF! -> #REF! | R69: =+#REF! -> #REF! | S69: =+#REF! -> #REF! | T69: =+#REF! -> #REF! | U69: =+#REF! -> #REF! | V69: =+#REF! -> #REF! | ... Z69: =+#REF! -> #REF! | AA69: =SUM(B69:Z69) -> #REF!
A70: Cum | B70: =#REF! -> #REF! | C70: =+#REF! -> #REF! | D70: =+#REF! -> #REF! | E70: =+#REF! -> #REF! | F70: =+#REF! -> #REF! | G70: =+#REF! -> #REF! | H70: =+#REF! -> #REF! | I70: =+#REF! -> #REF! | J70: =+#REF! -> #REF! | ... M70: =+#REF! -> #REF! | N70: =+'Well Template'!$O38 -> 0 | O70: =+#REF! -> #REF! | P70: =+#REF! -> #REF! | Q70: =+#REF! -> #REF! | R70: =+#REF! -> #REF! | S70: =+#REF! -> #REF! | T70: =+#REF! -> #REF! | U70: =+#REF! -> #REF! | V70: =+#REF! -> #REF! | ... Z70: =+#REF! -> #REF! | AA70: =SUM(AA39:AA69) -> #REF!
B73: NET SAND
A74: Date | B74: =B3 -> #REF! | C74: =C3 -> #REF! | D74: =D3 -> #REF! | E74: =E3 -> #REF! | F74: =F3 -> #REF! | G74: =G3 -> #REF! | H74: =H3 -> #REF! | I74: =I3 -> #REF! | ... Z74: =Z3 -> #REF! | AA74: TOTAL
A75: 1 | B75: =#REF! -> #REF! | C75: =+#REF! -> #REF! | D75: =+#REF! -> #REF! | E75: =+#REF! -> #REF! | F75: =+#REF! -> #REF! | G75: =+#REF! -> #REF! | H75: =+#REF! -> #REF! | I75: =+#REF! -> #REF! | J75: =+#REF! -> #REF! | ... M75: =+#REF! -> #REF! | N75: =+'Well Template'!$J7 | O75: =+#REF! -> #REF! | P75: =+#REF! -> #REF! | Q75: =+#REF! -> #REF! | R75: =+#REF! -> #REF! | S75: =+#REF! -> #REF! | T75: =+#REF! -> #REF! | U75: =+#REF! -> #REF! | V75: =+#REF! -> #REF! | ... Z75: =+#REF! -> #REF! | AA75: =SUM(B75:Z75) -> #REF!
A76: =+A75+1 -> 2 | B76: =#REF! -> #REF! | C76: =+#REF! -> #REF! | D76: =+#REF! -> #REF! | E76: =+#REF! -> #REF! | F76: =+#REF! -> #REF! | G76: =+#REF! -> #REF! | H76: =+#REF! -> #REF! | I76: =+#REF! -> #REF! | J76: =+#REF! -> #REF! | ... M76: =+#REF! -> #REF! | N76: =+'Well Template'!$J8 | O76: =+#REF! -> #REF! | P76: =+#REF! -> #REF! | Q76: =+#REF! -> #REF! | R76: =+#REF! -> #REF! | S76: =+#REF! -> #REF! | T76: =+#REF! -> #REF! | U76: =+#REF! -> #REF! | V76: =+#REF! -> #REF! | ... Z76: =+#REF! -> #REF! | AA76: =SUM(B76:Z76) -> #REF!
A77: =+A76+1 -> 3 | B77: =#REF! -> #REF! | C77: =+#REF! -> #REF! | D77: =+#REF! -> #REF! | E77: =+#REF! -> #REF! | F77: =+#REF! -> #REF! | G77: =+#REF! -> #REF! | H77: =+#REF! -> #REF! | I77: =+#REF! -> #REF! | J77: =+#REF! -> #REF! | ... M77: =+#REF! -> #REF! | N77: =+'Well Template'!$J9 | O77: =+#REF! -> #REF! | P77: =+#REF! -> #REF! | Q77: =+#REF! -> #REF! | R77: =+#REF! -> #REF! | S77: =+#REF! -> #REF! | T77: =+#REF! -> #REF! | U77: =+#REF! -> #REF! | V77: =+#REF! -> #REF! | ... Z77: =+#REF! -> #REF! | AA77: =SUM(B77:Z77) -> #REF!
A78: =+A77+1 -> 4 | B78: =#REF! -> #REF! | C78: =+#REF! -> #REF! | D78: =+#REF! -> #REF! | E78: =+#REF! -> #REF! | F78: =+#REF! -> #REF! | G78: =+#REF! -> #REF! | H78: =+#REF! -> #REF! | I78: =+#REF! -> #REF! | J78: =+#REF! -> #REF! | ... M78: =+#REF! -> #REF! | N78: =+'Well Template'!$J10 | O78: =+#REF! -> #REF! | P78: =+#REF! -> #REF! | Q78: =+#REF! -> #REF! | R78: =+#REF! -> #REF! | S78: =+#REF! -> #REF! | T78: =+#REF! -> #REF! | U78: =+#REF! -> #REF! | V78: =+#REF! -> #REF! | ... Z78: =+#REF! -> #REF! | AA78: =SUM(B78:Z78) -> #REF!
A79: =+A78+1 -> 5 | B79: =#REF! -> #REF! | C79: =+#REF! -> #REF! | D79: =+#REF! -> #REF! | E79: =+#REF! -> #REF! | F79: =+#REF! -> #REF! | G79: =+#REF! -> #REF! | H79: =+#REF! -> #REF! | I79: =+#REF! -> #REF! | J79: =+#REF! -> #REF! | ... M79: =+#REF! -> #REF! | N79: =+'Well Template'!$J11 | O79: =+#REF! -> #REF! | P79: =+#REF! -> #REF! | Q79: =+#REF! -> #REF! | R79: =+#REF! -> #REF! | S79: =+#REF! -> #REF! | T79: =+#REF! -> #REF! | U79: =+#REF! -> #REF! | V79: =+#REF! -> #REF! | ... Z79: =+#REF! -> #REF! | AA79: =SUM(B79:Z79) -> #REF!
A80: =+A79+1 -> 6 | B80: =#REF! -> #REF! | C80: =+#REF! -> #REF! | D80: =+#REF! -> #REF! | E80: =+#REF! -> #REF! | F80: =+#REF! -> #REF! | G80: =+#REF! -> #REF! | H80: =+#REF! -> #REF! | I80: =+#REF! -> #REF! | J80: =+#REF! -> #REF! | ... M80: =+#REF! -> #REF! | N80: =+'Well Template'!$J12 | O80: =+#REF! -> #REF! | P80: =+#REF! -> #REF! | Q80: =+#REF! -> #REF! | R80: =+#REF! -> #REF! | S80: =+#REF! -> #REF! | T80: =+#REF! -> #REF! | U80: =+#REF! -> #REF! | V80: =+#REF! -> #REF! | ... Z80: =+#REF! -> #REF! | AA80: =SUM(B80:Z80) -> #REF!
A81: =+A80+1 -> 7 | B81: =#REF! -> #REF! | C81: =+#REF! -> #REF! | D81: =+#REF! -> #REF! | E81: =+#REF! -> #REF! | F81: =+#REF! -> #REF! | G81: =+#REF! -> #REF! | H81: =+#REF! -> #REF! | I81: =+#REF! -> #REF! | J81: =+#REF! -> #REF! | ... M81: =+#REF! -> #REF! | N81: =+'Well Template'!$J13 | O81: =+#REF! -> #REF! | P81: =+#REF! -> #REF! | Q81: =+#REF! -> #REF! | R81: =+#REF! -> #REF! | S81: =+#REF! -> #REF! | T81: =+#REF! -> #REF! | U81: =+#REF! -> #REF! | V81: =+#REF! -> #REF! | ... Z81: =+#REF! -> #REF! | AA81: =SUM(B81:Z81) -> #REF!
A82: 8 | B82: =#REF! -> #REF! | C82: =+#REF! -> #REF! | D82: =+#REF! -> #REF! | E82: =+#REF! -> #REF! | F82: =+#REF! -> #REF! | G82: =+#REF! -> #REF! | H82: =+#REF! -> #REF! | I82: =+#REF! -> #REF! | J82: =+#REF! -> #REF! | ... M82: =+#REF! -> #REF! | N82: =+'Well Template'!$J14 | O82: =+#REF! -> #REF! | P82: =+#REF! -> #REF! | Q82: =+#REF! -> #REF! | R82: =+#REF! -> #REF! | S82: =+#REF! -> #REF! | T82: =+#REF! -> #REF! | U82: =+#REF! -> #REF! | V82: =+#REF! -> #REF! | ... Z82: =+#REF! -> #REF! | AA82: =SUM(B82:Z82) -> #REF!
A83: =+A82+1 -> 9 | B83: =#REF! -> #REF! | C83: =+#REF! -> #REF! | D83: =+#REF! -> #REF! | E83: =+#REF! -> #REF! | F83: =+#REF! -> #REF! | G83: =+#REF! -> #REF! | H83: =+#REF! -> #REF! | I83: =+#REF! -> #REF! | J83: =+#REF! -> #REF! | ... M83: =+#REF! -> #REF! | N83: =+'Well Template'!$J15 | O83: =+#REF! -> #REF! | P83: =+#REF! -> #REF! | Q83: =+#REF! -> #REF! | R83: =+#REF! -> #REF! | S83: =+#REF! -> #REF! | T83: =+#REF! -> #REF! | U83: =+#REF! -> #REF! | V83: =+#REF! -> #REF! | ... Z83: =+#REF! -> #REF! | AA83: =SUM(B83:Z83) -> #REF!
A84: =+A83+1 -> 10 | B84: =#REF! -> #REF! | C84: =+#REF! -> #REF! | D84: =+#REF! -> #REF! | E84: =+#REF! -> #REF! | F84: =+#REF! -> #REF! | G84: =+#REF! -> #REF! | H84: =+#REF! -> #REF! | I84: =+#REF! -> #REF! | J84: =+#REF! -> #REF! | ... M84: =+#REF! -> #REF! | N84: =+'Well Template'!$J16 | O84: =+#REF! -> #REF! | P84: =+#REF! -> #REF! | Q84: =+#REF! -> #REF! | R84: =+#REF! -> #REF! | S84: =+#REF! -> #REF! | T84: =+#REF! -> #REF! | U84: =+#REF! -> #REF! | V84: =+#REF! -> #REF! | ... Z84: =+#REF! -> #REF! | AA84: =SUM(B84:Z84) -> #REF!
A85: =+A84+1 -> 11 | B85: =#REF! -> #REF! | C85: =+#REF! -> #REF! | D85: =+#REF! -> #REF! | E85: =+#REF! -> #REF! | F85: =+#REF! -> #REF! | G85: =+#REF! -> #REF! | H85: =+#REF! -> #REF! | I85: =+#REF! -> #REF! | J85: =+#REF! -> #REF! | ... M85: =+#REF! -> #REF! | N85: =+'Well Template'!$J17 | O85: =+#REF! -> #REF! | P85: =+#REF! -> #REF! | Q85: =+#REF! -> #REF! | R85: =+#REF! -> #REF! | S85: =+#REF! -> #REF! | T85: =+#REF! -> #REF! | U85: =+#REF! -> #REF! | V85: =+#REF! -> #REF! | ... Z85: =+#REF! -> #REF! | AA85: =SUM(B85:Z85) -> #REF!
A86: =+A85+1 -> 12 | B86: =#REF! -> #REF! | C86: =+#REF! -> #REF! | D86: =+#REF! -> #REF! | E86: =+#REF! -> #REF! | F86: =+#REF! -> #REF! | G86: =+#REF! -> #REF! | H86: =+#REF! -> #REF! | I86: =+#REF! -> #REF! | J86: =+#REF! -> #REF! | ... M86: =+#REF! -> #REF! | N86: =+'Well Template'!$J18 | O86: =+#REF! -> #REF! | P86: =+#REF! -> #REF! | Q86: =+#REF! -> #REF! | R86: =+#REF! -> #REF! | S86: =+#REF! -> #REF! | T86: =+#REF! -> #REF! | U86: =+#REF! -> #REF! | V86: =+#REF! -> #REF! | ... Z86: =+#REF! -> #REF! | AA86: =SUM(B86:Z86) -> #REF!
A87: =+A86+1 -> 13 | B87: =#REF! -> #REF! | C87: =+#REF! -> #REF! | D87: =+#REF! -> #REF! | E87: =+#REF! -> #REF! | F87: =+#REF! -> #REF! | G87: =+#REF! -> #REF! | H87: =+#REF! -> #REF! | I87: =+#REF! -> #REF! | J87: =+#REF! -> #REF! | ... M87: =+#REF! -> #REF! | N87: =+'Well Template'!$J19 | O87: =+#REF! -> #REF! | P87: =+#REF! -> #REF! | Q87: =+#REF! -> #REF! | R87: =+#REF! -> #REF! | S87: =+#REF! -> #REF! | T87: =+#REF! -> #REF! | U87: =+#REF! -> #REF! | V87: =+#REF! -> #REF! | ... Z87: =+#REF! -> #REF! | AA87: =SUM(B87:Z87) -> #REF!
A88: =+A87+1 -> 14 | B88: =#REF! -> #REF! | C88: =+#REF! -> #REF! | D88: =+#REF! -> #REF! | E88: =+#REF! -> #REF! | F88: =+#REF! -> #REF! | G88: =+#REF! -> #REF! | H88: =+#REF! -> #REF! | I88: =+#REF! -> #REF! | J88: =+#REF! -> #REF! | ... M88: =+#REF! -> #REF! | N88: =+'Well Template'!$J20 | O88: =+#REF! -> #REF! | P88: =+#REF! -> #REF! | Q88: =+#REF! -> #REF! | R88: =+#REF! -> #REF! | S88: =+#REF! -> #REF! | T88: =+#REF! -> #REF! | U88: =+#REF! -> #REF! | V88: =+#REF! -> #REF! | ... Z88: =+#REF! -> #REF! | AA88: =SUM(B88:Z88) -> #REF!
A89: =+A88+1 -> 15 | B89: =#REF! -> #REF! | C89: =+#REF! -> #REF! | D89: =+#REF! -> #REF! | E89: =+#REF! -> #REF! | F89: =+#REF! -> #REF! | G89: =+#REF! -> #REF! | H89: =+#REF! -> #REF! | I89: =+#REF! -> #REF! | J89: =+#REF! -> #REF! | ... M89: =+#REF! -> #REF! | N89: =+'Well Template'!$J21 | O89: =+#REF! -> #REF! | P89: =+#REF! -> #REF! | Q89: =+#REF! -> #REF! | R89: =+#REF! -> #REF! | S89: =+#REF! -> #REF! | T89: =+#REF! -> #REF! | U89: =+#REF! -> #REF! | V89: =+#REF! -> #REF! | ... Z89: =+#REF! -> #REF! | AA89: =SUM(B89:Z89) -> #REF!
A90: =+A89+1 -> 16 | B90: =#REF! -> #REF! | C90: =+#REF! -> #REF! | D90: =+#REF! -> #REF! | E90: =+#REF! -> #REF! | F90: =+#REF! -> #REF! | G90: =+#REF! -> #REF! | H90: =+#REF! -> #REF! | I90: =+#REF! -> #REF! | J90: =+#REF! -> #REF! | ... M90: =+#REF! -> #REF! | N90: =+'Well Template'!$J22 | O90: =+#REF! -> #REF! | P90: =+#REF! -> #REF! | Q90: =+#REF! -> #REF! | R90: =+#REF! -> #REF! | S90: =+#REF! -> #REF! | T90: =+#REF! -> #REF! | U90: =+#REF! -> #REF! | V90: =+#REF! -> #REF! | ... Z90: =+#REF! -> #REF! | AA90: =SUM(B90:Z90) -> #REF!
A91: =+A90+1 -> 17 | B91: =#REF! -> #REF! | C91: =+#REF! -> #REF! | D91: =+#REF! -> #REF! | E91: =+#REF! -> #REF! | F91: =+#REF! -> #REF! | G91: =+#REF! -> #REF! | H91: =+#REF! -> #REF! | I91: =+#REF! -> #REF! | J91: =+#REF! -> #REF! | ... M91: =+#REF! -> #REF! | N91: =+'Well Template'!$J23 | O91: =+#REF! -> #REF! | P91: =+#REF! -> #REF! | Q91: =+#REF! -> #REF! | R91: =+#REF! -> #REF! | S91: =+#REF! -> #REF! | T91: =+#REF! -> #REF! | U91: =+#REF! -> #REF! | V91: =+#REF! -> #REF! | ... Z91: =+#REF! -> #REF! | AA91: =SUM(B91:Z91) -> #REF!
A92: =+A91+1 -> 18 | B92: =#REF! -> #REF! | C92: =+#REF! -> #REF! | D92: =+#REF! -> #REF! | E92: =+#REF! -> #REF! | F92: =+#REF! -> #REF! | G92: =+#REF! -> #REF! | H92: =+#REF! -> #REF! | I92: =+#REF! -> #REF! | J92: =+#REF! -> #REF! | ... M92: =+#REF! -> #REF! | N92: =+'Well Template'!$J24 | O92: =+#REF! -> #REF! | P92: =+#REF! -> #REF! | Q92: =+#REF! -> #REF! | R92: =+#REF! -> #REF! | S92: =+#REF! -> #REF! | T92: =+#REF! -> #REF! | U92: =+#REF! -> #REF! | V92: =+#REF! -> #REF! | ... Z92: =+#REF! -> #REF! | AA92: =SUM(B92:Z92) -> #REF!
A93: =+A92+1 -> 19 | B93: =#REF! -> #REF! | C93: =+#REF! -> #REF! | D93: =+#REF! -> #REF! | E93: =+#REF! -> #REF! | F93: =+#REF! -> #REF! | G93: =+#REF! -> #REF! | H93: =+#REF! -> #REF! | I93: =+#REF! -> #REF! | J93: =+#REF! -> #REF! | ... M93: =+#REF! -> #REF! | N93: =+'Well Template'!$J25 | O93: =+#REF! -> #REF! | P93: =+#REF! -> #REF! | Q93: =+#REF! -> #REF! | R93: =+#REF! -> #REF! | S93: =+#REF! -> #REF! | T93: =+#REF! -> #REF! | U93: =+#REF! -> #REF! | V93: =+#REF! -> #REF! | ... Z93: =+#REF! -> #REF! | AA93: =SUM(B93:Z93) -> #REF!
A94: =+A93+1 -> 20 | B94: =#REF! -> #REF! | C94: =+#REF! -> #REF! | D94: =+#REF! -> #REF! | E94: =+#REF! -> #REF! | F94: =+#REF! -> #REF! | G94: =+#REF! -> #REF! | H94: =+#REF! -> #REF! | I94: =+#REF! -> #REF! | J94: =+#REF! -> #REF! | ... M94: =+#REF! -> #REF! | N94: =+'Well Template'!$J26 | O94: =+#REF! -> #REF! | P94: =+#REF! -> #REF! | Q94: =+#REF! -> #REF! | R94: =+#REF! -> #REF! | S94: =+#REF! -> #REF! | T94: =+#REF! -> #REF! | U94: =+#REF! -> #REF! | V94: =+#REF! -> #REF! | ... Z94: =+#REF! -> #REF! | AA94: =SUM(B94:Z94) -> #REF!
... A105: =+A104+1 -> 31 | B105: =#REF! -> #REF! | C105: =+#REF! -> #REF! | D105: =+#REF! -> #REF! | E105: =+#REF! -> #REF! | F105: =+#REF! -> #REF! | G105: =+#REF! -> #REF! | H105: =+#REF! -> #REF! | I105: =+#REF! -> #REF! | J105: =+#REF! -> #REF! | ... M105: =+#REF! -> #REF! | N105: =+'Well Template'!$J37 | O105: =+#REF! -> #REF! | P105: =+#REF! -> #REF! | Q105: =+#REF! -> #REF! | R105: =+#REF! -> #REF! | S105: =+#REF! -> #REF! | T105: =+#REF! -> #REF! | U105: =+#REF! -> #REF! | V105: =+#REF! -> #REF! | ... Z105: =+#REF! -> #REF! | AA105: =SUM(B105:Z105) -> #REF!
A106: Cum | B106: =#REF! -> #REF! | C106: =+#REF! -> #REF! | D106: =+#REF! -> #REF! | E106: =+#REF! -> #REF! | F106: =+#REF! -> #REF! | G106: =+#REF! -> #REF! | H106: =+#REF! -> #REF! | I106: =+#REF! -> #REF! | J106: =+#REF! -> #REF! | ... M106: =+#REF! -> #REF! | N106: =+'Well Template'!$J38 -> 0 | O106: =+#REF! -> #REF! | P106: =+#REF! -> #REF! | Q106: =+#REF! -> #REF! | R106: =+#REF! -> #REF! | S106: =+#REF! -> #REF! | T106: =+#REF! -> #REF! | U106: =+#REF! -> #REF! | V106: =+#REF! -> #REF! | ... Z106: =+#REF! -> #REF! | AA106: =SUM(B106:Z106) -> #REF!
B110: NET WATER
A111: Date | B111: =B3 -> #REF! | C111: =C3 -> #REF! | D111: =D3 -> #REF! | E111: =E3 -> #REF! | F111: =F3 -> #REF! | G111: =G3 -> #REF! | H111: =H3 -> #REF! | I111: =I3 -> #REF! | ... Z111: =Z3 -> #REF! | AA111: TOTAL
A112: 1 | B112: =#REF! -> #REF! | C112: =+#REF! -> #REF! | D112: =+#REF! -> #REF! | E112: =+#REF! -> #REF! | F112: =+#REF! -> #REF! | G112: =+#REF! -> #REF! | H112: =+#REF! -> #REF! | I112: =+#REF! -> #REF! | J112: =+#REF! -> #REF! | ... M112: =+#REF! -> #REF! | N112: =+'Well Template'!$K7 | O112: =+#REF! -> #REF! | P112: =+#REF! -> #REF! | Q112: =+#REF! -> #REF! | R112: =+#REF! -> #REF! | S112: =+#REF! -> #REF! | T112: =+#REF! -> #REF! | U112: =+#REF! -> #REF! | V112: =+#REF! -> #REF! | ... Z112: =+#REF! -> #REF! | AA112: =SUM(B112:Z112) -> #REF!
A113: =+A112+1 -> 2 | B113: =#REF! -> #REF! | C113: =+#REF! -> #REF! | D113: =+#REF! -> #REF! | E113: =+#REF! -> #REF! | F113: =+#REF! -> #REF! | G113: =+#REF! -> #REF! | H113: =+#REF! -> #REF! | I113: =+#REF! -> #REF! | J113: =+#REF! -> #REF! | ... M113: =+#REF! -> #REF! | N113: =+'Well Template'!$K8 | O113: =+#REF! -> #REF! | P113: =+#REF! -> #REF! | Q113: =+#REF! -> #REF! | R113: =+#REF! -> #REF! | S113: =+#REF! -> #REF! | T113: =+#REF! -> #REF! | U113: =+#REF! -> #REF! | V113: =+#REF! -> #REF! | ... Z113: =+#REF! -> #REF! | AA113: =SUM(B113:Z113) -> #REF!
A114: =+A113+1 -> 3 | B114: =#REF! -> #REF! | C114: =+#REF! -> #REF! | D114: =+#REF! -> #REF! | E114: =+#REF! -> #REF! | F114: =+#REF! -> #REF! | G114: =+#REF! -> #REF! | H114: =+#REF! -> #REF! | I114: =+#REF! -> #REF! | J114: =+#REF! -> #REF! | ... M114: =+#REF! -> #REF! | N114: =+'Well Template'!$K9 | O114: =+#REF! -> #REF! | P114: =+#REF! -> #REF! | Q114: =+#REF! -> #REF! | R114: =+#REF! -> #REF! | S114: =+#REF! -> #REF! | T114: =+#REF! -> #REF! | U114: =+#REF! -> #REF! | V114: =+#REF! -> #REF! | ... Z114: =+#REF! -> #REF! | AA114: =SUM(B114:Z114) -> #REF!
A115: =+A114+1 -> 4 | B115: =#REF! -> #REF! | C115: =+#REF! -> #REF! | D115: =+#REF! -> #REF! | E115: =+#REF! -> #REF! | F115: =+#REF! -> #REF! | G115: =+#REF! -> #REF! | H115: =+#REF! -> #REF! | I115: =+#REF! -> #REF! | J115: =+#REF! -> #REF! | ... M115: =+#REF! -> #REF! | N115: =+'Well Template'!$K10 | O115: =+#REF! -> #REF! | P115: =+#REF! -> #REF! | Q115: =+#REF! -> #REF! | R115: =+#REF! -> #REF! | S115: =+#REF! -> #REF! | T115: =+#REF! -> #REF! | U115: =+#REF! -> #REF! | V115: =+#REF! -> #REF! | ... Z115: =+#REF! -> #REF! | AA115: =SUM(B115:Z115) -> #REF!
A116: =+A115+1 -> 5 | B116: =#REF! -> #REF! | C116: =+#REF! -> #REF! | D116: =+#REF! -> #REF! | E116: =+#REF! -> #REF! | F116: =+#REF! -> #REF! | G116: =+#REF! -> #REF! | H116: =+#REF! -> #REF! | I116: =+#REF! -> #REF! | J116: =+#REF! -> #REF! | ... M116: =+#REF! -> #REF! | N116: =+'Well Template'!$K11 | O116: =+#REF! -> #REF! | P116: =+#REF! -> #REF! | Q116: =+#REF! -> #REF! | R116: =+#REF! -> #REF! | S116: =+#REF! -> #REF! | T116: =+#REF! -> #REF! | U116: =+#REF! -> #REF! | V116: =+#REF! -> #REF! | ... Z116: =+#REF! -> #REF! | AA116: =SUM(B116:Z116) -> #REF!
A117: =+A116+1 -> 6 | B117: =#REF! -> #REF! | C117: =+#REF! -> #REF! | D117: =+#REF! -> #REF! | E117: =+#REF! -> #REF! | F117: =+#REF! -> #REF! | G117: =+#REF! -> #REF! | H117: =+#REF! -> #REF! | I117: =+#REF! -> #REF! | J117: =+#REF! -> #REF! | ... M117: =+#REF! -> #REF! | N117: =+'Well Template'!$K12 | O117: =+#REF! -> #REF! | P117: =+#REF! -> #REF! | Q117: =+#REF! -> #REF! | R117: =+#REF! -> #REF! | S117: =+#REF! -> #REF! | T117: =+#REF! -> #REF! | U117: =+#REF! -> #REF! | V117: =+#REF! -> #REF! | ... Z117: =+#REF! -> #REF! | AA117: =SUM(B117:Z117) -> #REF!
A118: =+A117+1 -> 7 | B118: =#REF! -> #REF! | C118: =+#REF! -> #REF! | D118: =+#REF! -> #REF! | E118: =+#REF! -> #REF! | F118: =+#REF! -> #REF! | G118: =+#REF! -> #REF! | H118: =+#REF! -> #REF! | I118: =+#REF! -> #REF! | J118: =+#REF! -> #REF! | ... M118: =+#REF! -> #REF! | N118: =+'Well Template'!$K13 | O118: =+#REF! -> #REF! | P118: =+#REF! -> #REF! | Q118: =+#REF! -> #REF! | R118: =+#REF! -> #REF! | S118: =+#REF! -> #REF! | T118: =+#REF! -> #REF! | U118: =+#REF! -> #REF! | V118: =+#REF! -> #REF! | ... Z118: =+#REF! -> #REF! | AA118: =SUM(B118:Z118) -> #REF!
A119: 8 | B119: =#REF! -> #REF! | C119: =+#REF! -> #REF! | D119: =+#REF! -> #REF! | E119: =+#REF! -> #REF! | F119: =+#REF! -> #REF! | G119: =+#REF! -> #REF! | H119: =+#REF! -> #REF! | I119: =+#REF! -> #REF! | J119: =+#REF! -> #REF! | ... M119: =+#REF! -> #REF! | N119: =+'Well Template'!$K14 | O119: =+#REF! -> #REF! | P119: =+#REF! -> #REF! | Q119: =+#REF! -> #REF! | R119: =+#REF! -> #REF! | S119: =+#REF! -> #REF! | T119: =+#REF! -> #REF! | U119: =+#REF! -> #REF! | V119: =+#REF! -> #REF! | ... Z119: =+#REF! -> #REF! | AA119: =SUM(B119:Z119) -> #REF!
A120: =+A119+1 -> 9 | B120: =#REF! -> #REF! | C120: =+#REF! -> #REF! | D120: =+#REF! -> #REF! | E120: =+#REF! -> #REF! | F120: =+#REF! -> #REF! | G120: =+#REF! -> #REF! | H120: =+#REF! -> #REF! | I120: =+#REF! -> #REF! | J120: =+#REF! -> #REF! | ... M120: =+#REF! -> #REF! | N120: =+'Well Template'!$K15 | O120: =+#REF! -> #REF! | P120: =+#REF! -> #REF! | Q120: =+#REF! -> #REF! | R120: =+#REF! -> #REF! | S120: =+#REF! -> #REF! | T120: =+#REF! -> #REF! | U120: =+#REF! -> #REF! | V120: =+#REF! -> #REF! | ... Z120: =+#REF! -> #REF! | AA120: =SUM(B120:Z120) -> #REF!
A121: =+A120+1 -> 10 | B121: =#REF! -> #REF! | C121: =+#REF! -> #REF! | D121: =+#REF! -> #REF! | E121: =+#REF! -> #REF! | F121: =+#REF! -> #REF! | G121: =+#REF! -> #REF! | H121: =+#REF! -> #REF! | I121: =+#REF! -> #REF! | J121: =+#REF! -> #REF! | ... M121: =+#REF! -> #REF! | N121: =+'Well Template'!$K16 | O121: =+#REF! -> #REF! | P121: =+#REF! -> #REF! | Q121: =+#REF! -> #REF! | R121: =+#REF! -> #REF! | S121: =+#REF! -> #REF! | T121: =+#REF! -> #REF! | U121: =+#REF! -> #REF! | V121: =+#REF! -> #REF! | ... Z121: =+#REF! -> #REF! | AA121: =SUM(B121:Z121) -> #REF!
A122: =+A121+1 -> 11 | B122: =#REF! -> #REF! | C122: =+#REF! -> #REF! | D122: =+#REF! -> #REF! | E122: =+#REF! -> #REF! | F122: =+#REF! -> #REF! | G122: =+#REF! -> #REF! | H122: =+#REF! -> #REF! | I122: =+#REF! -> #REF! | J122: =+#REF! -> #REF! | ... M122: =+#REF! -> #REF! | N122: =+'Well Template'!$K17 | O122: =+#REF! -> #REF! | P122: =+#REF! -> #REF! | Q122: =+#REF! -> #REF! | R122: =+#REF! -> #REF! | S122: =+#REF! -> #REF! | T122: =+#REF! -> #REF! | U122: =+#REF! -> #REF! | V122: =+#REF! -> #REF! | ... Z122: =+#REF! -> #REF! | AA122: =SUM(B122:Z122) -> #REF!
A123: =+A122+1 -> 12 | B123: =#REF! -> #REF! | C123: =+#REF! -> #REF! | D123: =+#REF! -> #REF! | E123: =+#REF! -> #REF! | F123: =+#REF! -> #REF! | G123: =+#REF! -> #REF! | H123: =+#REF! -> #REF! | I123: =+#REF! -> #REF! | J123: =+#REF! -> #REF! | ... M123: =+#REF! -> #REF! | N123: =+'Well Template'!$K18 | O123: =+#REF! -> #REF! | P123: =+#REF! -> #REF! | Q123: =+#REF! -> #REF! | R123: =+#REF! -> #REF! | S123: =+#REF! -> #REF! | T123: =+#REF! -> #REF! | U123: =+#REF! -> #REF! | V123: =+#REF! -> #REF! | ... Z123: =+#REF! -> #REF! | AA123: =SUM(B123:Z123) -> #REF!
A124: =+A123+1 -> 13 | B124: =#REF! -> #REF! | C124: =+#REF! -> #REF! | D124: =+#REF! -> #REF! | E124: =+#REF! -> #REF! | F124: =+#REF! -> #REF! | G124: =+#REF! -> #REF! | H124: =+#REF! -> #REF! | I124: =+#REF! -> #REF! | J124: =+#REF! -> #REF! | ... M124: =+#REF! -> #REF! | N124: =+'Well Template'!$K19 | O124: =+#REF! -> #REF! | P124: =+#REF! -> #REF! | Q124: =+#REF! -> #REF! | R124: =+#REF! -> #REF! | S124: =+#REF! -> #REF! | T124: =+#REF! -> #REF! | U124: =+#REF! -> #REF! | V124: =+#REF! -> #REF! | ... Z124: =+#REF! -> #REF! | AA124: =SUM(B124:Z124) -> #REF!
A125: =+A124+1 -> 14 | B125: =#REF! -> #REF! | C125: =+#REF! -> #REF! | D125: =+#REF! -> #REF! | E125: =+#REF! -> #REF! | F125: =+#REF! -> #REF! | G125: =+#REF! -> #REF! | H125: =+#REF! -> #REF! | I125: =+#REF! -> #REF! | J125: =+#REF! -> #REF! | ... M125: =+#REF! -> #REF! | N125: =+'Well Template'!$K20 | O125: =+#REF! -> #REF! | P125: =+#REF! -> #REF! | Q125: =+#REF! -> #REF! | R125: =+#REF! -> #REF! | S125: =+#REF! -> #REF! | T125: =+#REF! -> #REF! | U125: =+#REF! -> #REF! | V125: =+#REF! -> #REF! | ... Z125: =+#REF! -> #REF! | AA125: =SUM(B125:Z125) -> #REF!
A126: =+A125+1 -> 15 | B126: =#REF! -> #REF! | C126: =+#REF! -> #REF! | D126: =+#REF! -> #REF! | E126: =+#REF! -> #REF! | F126: =+#REF! -> #REF! | G126: =+#REF! -> #REF! | H126: =+#REF! -> #REF! | I126: =+#REF! -> #REF! | J126: =+#REF! -> #REF! | ... M126: =+#REF! -> #REF! | N126: =+'Well Template'!$K21 | O126: =+#REF! -> #REF! | P126: =+#REF! -> #REF! | Q126: =+#REF! -> #REF! | R126: =+#REF! -> #REF! | S126: =+#REF! -> #REF! | T126: =+#REF! -> #REF! | U126: =+#REF! -> #REF! | V126: =+#REF! -> #REF! | ... Z126: =+#REF! -> #REF! | AA126: =SUM(B126:Z126) -> #REF!
A127: =+A126+1 -> 16 | B127: =#REF! -> #REF! | C127: =+#REF! -> #REF! | D127: =+#REF! -> #REF! | E127: =+#REF! -> #REF! | F127: =+#REF! -> #REF! | G127: =+#REF! -> #REF! | H127: =+#REF! -> #REF! | I127: =+#REF! -> #REF! | J127: =+#REF! -> #REF! | ... M127: =+#REF! -> #REF! | N127: =+'Well Template'!$K22 | O127: =+#REF! -> #REF! | P127: =+#REF! -> #REF! | Q127: =+#REF! -> #REF! | R127: =+#REF! -> #REF! | S127: =+#REF! -> #REF! | T127: =+#REF! -> #REF! | U127: =+#REF! -> #REF! | V127: =+#REF! -> #REF! | ... Z127: =+#REF! -> #REF! | AA127: =SUM(B127:Z127) -> #REF!
A128: =+A127+1 -> 17 | B128: =#REF! -> #REF! | C128: =+#REF! -> #REF! | D128: =+#REF! -> #REF! | E128: =+#REF! -> #REF! | F128: =+#REF! -> #REF! | G128: =+#REF! -> #REF! | H128: =+#REF! -> #REF! | I128: =+#REF! -> #REF! | J128: =+#REF! -> #REF! | ... M128: =+#REF! -> #REF! | N128: =+'Well Template'!$K23 | O128: =+#REF! -> #REF! | P128: =+#REF! -> #REF! | Q128: =+#REF! -> #REF! | R128: =+#REF! -> #REF! | S128: =+#REF! -> #REF! | T128: =+#REF! -> #REF! | U128: =+#REF! -> #REF! | V128: =+#REF! -> #REF! | ... Z128: =+#REF! -> #REF! | AA128: =SUM(B128:Z128) -> #REF!
A129: =+A128+1 -> 18 | B129: =#REF! -> #REF! | C129: =+#REF! -> #REF! | D129: =+#REF! -> #REF! | E129: =+#REF! -> #REF! | F129: =+#REF! -> #REF! | G129: =+#REF! -> #REF! | H129: =+#REF! -> #REF! | I129: =+#REF! -> #REF! | J129: =+#REF! -> #REF! | ... M129: =+#REF! -> #REF! | N129: =+'Well Template'!$K24 | O129: =+#REF! -> #REF! | P129: =+#REF! -> #REF! | Q129: =+#REF! -> #REF! | R129: =+#REF! -> #REF! | S129: =+#REF! -> #REF! | T129: =+#REF! -> #REF! | U129: =+#REF! -> #REF! | V129: =+#REF! -> #REF! | ... Z129: =+#REF! -> #REF! | AA129: =SUM(B129:Z129) -> #REF!
A130: =+A129+1 -> 19 | B130: =#REF! -> #REF! | C130: =+#REF! -> #REF! | D130: =+#REF! -> #REF! | E130: =+#REF! -> #REF! | F130: =+#REF! -> #REF! | G130: =+#REF! -> #REF! | H130: =+#REF! -> #REF! | I130: =+#REF! -> #REF! | J130: =+#REF! -> #REF! | ... M130: =+#REF! -> #REF! | N130: =+'Well Template'!$K25 | O130: =+#REF! -> #REF! | P130: =+#REF! -> #REF! | Q130: =+#REF! -> #REF! | R130: =+#REF! -> #REF! | S130: =+#REF! -> #REF! | T130: =+#REF! -> #REF! | U130: =+#REF! -> #REF! | V130: =+#REF! -> #REF! | ... Z130: =+#REF! -> #REF! | AA130: =SUM(B130:Z130) -> #REF!
A131: =+A130+1 -> 20 | B131: =#REF! -> #REF! | C131: =+#REF! -> #REF! | D131: =+#REF! -> #REF! | E131: =+#REF! -> #REF! | F131: =+#REF! -> #REF! | G131: =+#REF! -> #REF! | H131: =+#REF! -> #REF! | I131: =+#REF! -> #REF! | J131: =+#REF! -> #REF! | ... M131: =+#REF! -> #REF! | N131: =+'Well Template'!$K26 | O131: =+#REF! -> #REF! | P131: =+#REF! -> #REF! | Q131: =+#REF! -> #REF! | R131: =+#REF! -> #REF! | S131: =+#REF! -> #REF! | T131: =+#REF! -> #REF! | U131: =+#REF! -> #REF! | V131: =+#REF! -> #REF! | ... Z131: =+#REF! -> #REF! | AA131: =SUM(B131:Z131) -> #REF!
... A142: =+A141+1 -> 31 | B142: =#REF! -> #REF! | C142: =+#REF! -> #REF! | D142: =+#REF! -> #REF! | E142: =+#REF! -> #REF! | F142: =+#REF! -> #REF! | G142: =+#REF! -> #REF! | H142: =+#REF! -> #REF! | I142: =+#REF! -> #REF! | J142: =+#REF! -> #REF! | ... M142: =+#REF! -> #REF! | N142: =+'Well Template'!$K37 | O142: =+#REF! -> #REF! | P142: =+#REF! -> #REF! | Q142: =+#REF! -> #REF! | R142: =+#REF! -> #REF! | S142: =+#REF! -> #REF! | T142: =+#REF! -> #REF! | U142: =+#REF! -> #REF! | V142: =+#REF! -> #REF! | ... Z142: =+#REF! -> #REF! | AA142: =SUM(B142:Z142) -> #REF!
A143: Cum | B143: =#REF! -> #REF! | C143: =+#REF! -> #REF! | D143: =+#REF! -> #REF! | E143: =+#REF! -> #REF! | F143: =+#REF! -> #REF! | G143: =+#REF! -> #REF! | H143: =+#REF! -> #REF! | I143: =+#REF! -> #REF! | J143: =+#REF! -> #REF! | ... M143: =+#REF! -> #REF! | N143: =+'Well Template'!$K38 -> 0 | O143: =+#REF! -> #REF! | P143: =+#REF! -> #REF! | Q143: =+#REF! -> #REF! | R143: =+#REF! -> #REF! | S143: =+#REF! -> #REF! | T143: =+#REF! -> #REF! | U143: =+#REF! -> #REF! | V143: =+#REF! -> #REF! | ... Z143: =+#REF! -> #REF! | AA143: =SUM(B143:Z143) -> #REF!
B146: WATER SHIPPED
A147: Date | B147: =B3 -> #REF! | C147: =C3 -> #REF! | D147: =D3 -> #REF! | E147: =E3 -> #REF! | F147: =F3 -> #REF! | G147: =G3 -> #REF! | H147: =H3 -> #REF! | I147: =I3 -> #REF! | ... Z147: =Z3 -> #REF! | AA147: TOTAL
A148: 1 | B148: =IF(ISBLANK(#REF!),"",(#REF!+IF(ISBLANK(#REF!),"0",#REF!))) -> #REF! | C148: =IF(ISBLANK(#REF!),"",(#REF!+IF(ISBLANK(#REF!),"0",#REF!))) -> #REF! | D148: =IF(ISBLANK(#REF!),"",(#REF!+IF(ISBLANK(#REF!),"0",#REF!))) -> #REF! | E148: =IF(ISBLANK(#REF!),"",(#REF!+IF(ISBLANK(#REF!),"0",#REF!))) -> #REF! | F148: =IF(ISBLANK(#REF!),"",(#REF!+IF(ISBLANK(#REF!),"0",#REF!))) -> #REF! | G148: =IF(ISBLANK(#REF!),"",(#REF!+IF(ISBLANK(#REF!),"0",#REF!))) -> #REF! | H148: =IF(ISBLANK(#REF!),"",(#REF!+IF(ISBLANK(#REF!),"0",#REF!))) -> #REF! | I148: =IF(ISBLANK(#REF!),"",(#REF!+IF(ISBLANK(#REF!),"0",#REF!))) -> #REF! | ... M148: =IF(ISBLANK(#REF!),"",(#REF!+IF(ISBLANK(#REF!),"0",#REF!))) -> #REF! | N148: =IF(ISBLANK('Well Template'!H7),"",('Well Template'!P7+IF(ISBLANK('Well Template'!Q7),"0",'Well Template'!Q7))) | O148: =IF(ISBLANK(#REF!),"",(#REF!+IF(ISBLANK(#REF!),"0",#REF!))) -> #REF! | P148: =IF(ISBLANK(#REF!),"",(#REF!+IF(ISBLANK(#REF!),"0",#REF!))) -> #REF! | Q148: =IF(ISBLANK(#REF!),"",(#REF!+IF(ISBLANK(#REF!),"0",#REF!))) -> #REF! | R148: =IF(ISBLANK(#REF!),"",(#REF!+IF(ISBLANK(#REF!),"0",#REF!))) -> #REF! | S148: =IF(ISBLANK(#REF!),"",(#REF!+IF(ISBLANK(#REF!),"0",#REF!))) -> #REF! | T148: =IF(ISBLANK(#REF!),"",(#REF!+IF(ISBLANK(#REF!),"0",#REF!))) -> #REF! | U148: =IF(ISBLANK(#REF!),"",(#REF!+IF(ISBLANK(#REF!),"0",#REF!))) -> #REF! | V148: =IF(ISBLANK(#REF!),"",(#REF!+IF(ISBLANK(#REF!),"0",#REF!))) -> #REF! | ... Z148: =IF(ISBLANK(#REF!),"",(#REF!+IF(ISBLANK(#REF!),"0",#REF!))) -> #REF! | AA148: =SUM(B148:Z148) -> #REF!
A149: =+A148+1 -> 2 | B149: =IF(ISBLANK(#REF!),"",(#REF!+IF(ISBLANK(#REF!),"0",#REF!))) -> #REF! | C149: =IF(ISBLANK(#REF!),"",(#REF!+IF(ISBLANK(#REF!),"0",#REF!))) -> #REF! | D149: =IF(ISBLANK(#REF!),"",(#REF!+IF(ISBLANK(#REF!),"0",#REF!))) -> #REF! | E149: =IF(ISBLANK(#REF!),"",(#REF!+IF(ISBLANK(#REF!),"0",#REF!))) -> #REF! | F149: =IF(ISBLANK(#REF!),"",(#REF!+IF(ISBLANK(#REF!),"0",#REF!))) -> #REF! | G149: =IF(ISBLANK(#REF!),"",(#REF!+IF(ISBLANK(#REF!),"0",#REF!))) -> #REF! | H149: =IF(ISBLANK(#REF!),"",(#REF!+IF(ISBLANK(#REF!),"0",#REF!))) -> #REF! | I149: =IF(ISBLANK(#REF!),"",(#REF!+IF(ISBLANK(#REF!),"0",#REF!))) -> #REF! | ... M149: =IF(ISBLANK(#REF!),"",(#REF!+IF(ISBLANK(#REF!),"0",#REF!))) -> #REF! | N149: =IF(ISBLANK('Well Template'!H8),"",('Well Template'!P8+IF(ISBLANK('Well Template'!Q8),"0",'Well Template'!Q8))) | O149: =IF(ISBLANK(#REF!),"",(#REF!+IF(ISBLANK(#REF!),"0",#REF!))) -> #REF! | P149: =IF(ISBLANK(#REF!),"",(#REF!+IF(ISBLANK(#REF!),"0",#REF!))) -> #REF! | Q149: =IF(ISBLANK(#REF!),"",(#REF!+IF(ISBLANK(#REF!),"0",#REF!))) -> #REF! | R149: =IF(ISBLANK(#REF!),"",(#REF!+IF(ISBLANK(#REF!),"0",#REF!))) -> #REF! | S149: =IF(ISBLANK(#REF!),"",(#REF!+IF(ISBLANK(#REF!),"0",#REF!))) -> #REF! | T149: =IF(ISBLANK(#REF!),"",(#REF!+IF(ISBLANK(#REF!),"0",#REF!))) -> #REF! | U149: =IF(ISBLANK(#REF!),"",(#REF!+IF(ISBLANK(#REF!),"0",#REF!))) -> #REF! | V149: =IF(ISBLANK(#REF!),"",(#REF!+IF(ISBLANK(#REF!),"0",#REF!))) -> #REF! | ... Z149: =IF(ISBLANK(#REF!),"",(#REF!+IF(ISBLANK(#REF!),"0",#REF!))) -> #REF! | AA149: =SUM(B149:Z149) -> #REF!
...
